Query,Spike Percentage,Trend Data
The Essential Allotment Guide How to Get the Best Out of Your Plot,514.04%,"0, 0, 0, 0, 0, 0, 0, 0, 0, 0, 0, 0, 0, 0, 0, 0, 0, 0, 0, 0, 0, 0, 0, 0, 0, 0, 0, 0, 0, 0, 100"
Dolphin E10 Robotic Pool Cleaner,514.04%,"0, 0, 0, 0, 0, 0, 0, 0, 0, 0, 0, 0, 0, 0, 0, 0, 0, 0, 0, 0, 0, 0, 0, 0, 0, 0, 0, 0, 0, 0, 100"
Bee You Organics  Organic Makeup  Skin Care,514.04%,"0, 0, 0, 0, 0, 0, 0, 0, 0, 0, 0, 0, 0, 0, 0, 0, 0, 0, 0, 0, 0, 0, 0, 0, 0, 0, 0, 0, 0, 100, 0"
Oklar Blood Pressure Monitors for Home Use Rechargeable Blood Pressure Cuff Wrist Digital Bp Machine,514.04%,"0, 0, 0, 0, 0, 0, 0, 0, 0, 0, 0, 0, 0, 0, 0, 0, 0, 0, 0, 0, 0, 0, 0, 0, 0, 0, 0, 0, 0, 100, 0"
TR42 Honeywell Temperature Sensors,514.04%,"0, 0, 0, 0, 0, 0, 0, 0, 0, 0, 0, 0, 0, 0, 0, 0, 0, 0, 0, 0, 0, 0, 0, 0, 0, 0, 0, 0, 0, 0, 100"
Autopsy of a Fairytale,257.14%,"0, 0, 0, 0, 0, 0, 0, 0, 0, 0, 0, 0, 0, 0, 0, 0, 0, 0, 0, 0, 0, 0, 0, 0, 0, 0, 82, 0, 0, 0, 100"
Union  Scale FlexFit Hyken Mesh Task Chair,192.86%,"0, 0, 0, 0, 0, 0, 0, 0, 0, 0, 0, 0, 0, 0, 0, 0, 0, 0, 0, 0, 0, 0, 0, 0, 0, 0, 0, 100, 0, 82, 0"
Apple Watch For Dummies,164.15%,"0, 0, 0, 0, 0, 0, 0, 0, 0, 0, 0, 0, 0, 0, 0, 0, 0, 0, 76, 0, 0, 0, 0, 0, 0, 0, 75, 0, 0, 100, 0"
Bobbi Brown Foundation Brush,142.24%,"0, 0, 0, 0, 0, 0, 0, 0, 0, 0, 0, 0, 0, 0, 0, 0, 0, 0, 0, 0, 100, 0, 98, 67, 53, 52, 0, 0, 0, 65, 91"
Eufy Smart Plug,113.89%,"0, 0, 0, 0, 0, 0, 0, 0, 0, 0, 0, 0, 0, 0, 0, 0, 0, 0, 0, 0, 0, 0, 0, 0, 100, 0, 0, 61, 0, 77, 0"
Solar cell phone charger,100.45%,"0, 0, 0, 0, 0, 0, 0, 0, 0, 0, 0, 0, 0, 0, 0, 0, 0, 25, 42, 29, 42, 30, 30, 28, 28, 36, 69, 60, 48, 93, 100"
StepbyStep Projects for SelfSufficiency Grow Edibles  Raise Animals  Live Off the Grid  DIY,84.21%,"0, 0, 0, 0, 0, 0, 0, 0, 100, 0, 0, 0, 0, 0, 0, 0, 0, 0, 0, 0, 0, 0, 0, 0, 0, 0, 0, 0, 0, 0, 5"
Dopesplay,74.13%,"0, 0, 0, 0, 0, 0, 0, 0, 0, 0, 0, 0, 0, 0, 0, 0, 0, 60, 0, 0, 68, 0, 0, 0, 0, 0, 0, 91, 69, 0, 100"
Keeks Designer Handbags,71.52%,"0, 0, 0, 0, 0, 0, 0, 0, 0, 0, 0, 0, 0, 0, 0, 0, 0, 54, 0, 0, 49, 67, 100, 71, 92, 49, 0, 0, 65, 88, 65"
Kimberly Palmer,59.34%,"0, 0, 0, 0, 0, 0, 0, 0, 0, 0, 0, 0, 0, 0, 0, 0, 0, 96, 76, 93, 100, 74, 0, 0, 0, 78, 0, 0, 94, 91, 83"
Dallas Designer Handbags,42.46%,"0, 0, 0, 0, 0, 0, 0, 0, 0, 0, 0, 0, 0, 0, 0, 0, 0, 0, 41, 38, 37, 48, 68, 74, 86, 41, 47, 56, 84, 100, 62"
Mini survival kit,37.48%,"0, 0, 0, 0, 0, 0, 0, 0, 0, 0, 0, 0, 0, 0, 0, 0, 0, 0, 53, 100, 49, 64, 82, 0, 84, 47, 53, 0, 80, 81, 72"
Philips Hue Smart Plug,35.73%,"0, 0, 0, 0, 0, 0, 0, 0, 0, 0, 0, 0, 0, 0, 0, 0, 0, 73, 57, 68, 44, 60, 73, 65, 76, 79, 66, 70, 74, 100, 97"
Crafty Critters,33.09%,"0, 0, 0, 0, 0, 0, 0, 0, 0, 0, 0, 0, 0, 0, 0, 0, 0, 56, 51, 55, 72, 42, 80, 63, 38, 54, 46, 48, 54, 100, 58"
Football boot,33.01%,"56, 85, 74, 75, 61, 60, 55, 70, 89, 96, 63, 50, 52, 59, 77, 90, 100, 65, 57, 58, 52, 59, 85, 81, 62, 57, 58, 59, 56, 89, 90"
Womens Scarf,32.21%,"60, 55, 47, 53, 61, 29, 78, 58, 63, 47, 53, 54, 69, 82, 72, 52, 100, 64, 60, 54, 58, 59, 69, 81, 64, 62, 62, 63, 63, 87, 93"
Luxury Bedding Company,31.79%,"0, 0, 0, 0, 0, 0, 0, 0, 0, 0, 0, 0, 0, 0, 0, 0, 0, 78, 0, 0, 65, 0, 61, 68, 82, 0, 65, 100, 62, 63, 75"
Mens Scarf,31.77%,"57, 59, 75, 80, 50, 66, 60, 51, 82, 47, 62, 43, 75, 71, 77, 100, 90, 65, 55, 58, 64, 60, 74, 80, 74, 68, 66, 66, 71, 90, 99"
DIY Bath Bomb,29.82%,"0, 0, 0, 0, 0, 0, 0, 0, 0, 0, 0, 0, 0, 0, 0, 0, 0, 51, 48, 48, 56, 51, 60, 67, 56, 43, 62, 68, 48, 53, 100"
Stellar Kayaks,29.43%,"0, 0, 0, 0, 0, 0, 0, 0, 0, 0, 0, 0, 0, 0, 0, 0, 0, 95, 63, 67, 70, 59, 59, 83, 100, 81, 0, 63, 0, 73, 0"
Squats  with bands,28.49%,"0, 0, 0, 0, 0, 0, 0, 0, 0, 0, 0, 0, 0, 0, 0, 0, 0, 86, 65, 54, 58, 64, 43, 89, 80, 100, 0, 60, 57, 81, 48"
Monster Smart Lighting,26.11%,"0, 0, 0, 0, 0, 0, 0, 0, 0, 0, 0, 0, 0, 0, 0, 0, 0, 47, 24, 27, 28, 32, 55, 41, 39, 31, 60, 100, 39, 43, 75"
Berhasm,25.37%,"0, 0, 0, 0, 0, 0, 0, 0, 0, 0, 0, 0, 0, 0, 0, 0, 0, 0, 0, 0, 0, 0, 0, 0, 0, 0, 100, 54, 52, 48, 0"
Smart thermostat,24.61%,"64, 63, 62, 59, 65, 60, 69, 59, 61, 67, 62, 69, 74, 98, 92, 85, 88, 83, 73, 69, 65, 67, 63, 77, 77, 78, 78, 79, 82, 96, 100"
Kids Bedroom Furniture,24.52%,"0, 63, 100, 0, 0, 0, 95, 67, 74, 81, 0, 68, 0, 66, 0, 0, 70, 58, 54, 48, 50, 52, 71, 73, 55, 45, 57, 50, 57, 70, 78"
Watch,22.47%,"69, 84, 84, 70, 63, 61, 65, 74, 97, 98, 73, 83, 78, 70, 72, 92, 97, 70, 70, 65, 65, 74, 91, 100, 70, 68, 67, 69, 73, 91, 99"
Womens Handbag,22.42%,"60, 0, 0, 100, 62, 80, 66, 0, 94, 76, 60, 50, 0, 69, 0, 91, 84, 54, 59, 54, 50, 50, 65, 74, 61, 60, 56, 49, 57, 69, 80"
Locs Sunglasses,22.16%,"0, 0, 60, 0, 0, 58, 0, 0, 68, 0, 59, 0, 0, 79, 0, 0, 100, 32, 29, 37, 34, 33, 37, 48, 29, 35, 21, 36, 36, 44, 45"
Kids Outdoor Furniture,22.15%,"0, 0, 0, 0, 0, 0, 0, 0, 0, 0, 0, 0, 0, 0, 0, 0, 0, 60, 59, 59, 51, 63, 92, 100, 64, 42, 54, 58, 74, 86, 81"
Solar Charger,21.20%,"92, 85, 82, 100, 80, 80, 66, 70, 86, 88, 77, 73, 74, 83, 73, 97, 77, 77, 76, 77, 64, 78, 81, 82, 77, 76, 79, 74, 81, 97, 99"
Womens Watch,21.14%,"59, 79, 83, 73, 62, 60, 56, 67, 100, 80, 56, 58, 58, 54, 55, 78, 79, 54, 50, 54, 53, 57, 72, 83, 57, 52, 52, 56, 58, 69, 80"
Amazon Smart Thermostat,20.56%,"0, 0, 0, 0, 100, 0, 0, 0, 95, 0, 0, 0, 0, 0, 0, 0, 0, 48, 47, 46, 41, 51, 64, 56, 43, 44, 45, 47, 50, 62, 62"
Makeup brush,20.00%,"90, 93, 94, 91, 79, 86, 63, 71, 100, 100, 77, 77, 71, 78, 72, 90, 90, 74, 73, 74, 74, 80, 95, 93, 80, 74, 75, 73, 78, 98, 100"
Air Fryers,18.76%,"90, 100, 80, 82, 67, 71, 71, 68, 93, 96, 77, 61, 65, 77, 70, 81, 70, 73, 70, 66, 64, 71, 84, 94, 68, 60, 66, 82, 69, 88, 92"
Kids Furniture,18.68%,"76, 96, 94, 88, 66, 63, 61, 56, 98, 100, 58, 67, 53, 55, 56, 90, 70, 69, 64, 61, 60, 62, 85, 85, 67, 61, 63, 60, 67, 83, 84"
Designer Luggage Outlet,18.24%,"0, 0, 0, 0, 0, 0, 0, 0, 0, 0, 0, 0, 0, 0, 0, 0, 0, 82, 0, 0, 65, 0, 0, 98, 0, 79, 0, 78, 76, 100, 0"
Weighted blanket,17.86%,"74, 77, 85, 72, 74, 74, 76, 68, 82, 82, 78, 73, 67, 76, 85, 88, 100, 76, 71, 69, 71, 68, 75, 85, 76, 70, 69, 75, 75, 86, 95"
Jade Rollers,17.73%,"0, 0, 0, 0, 0, 0, 0, 0, 0, 0, 0, 0, 0, 0, 0, 0, 0, 100, 79, 61, 64, 54, 98, 81, 79, 77, 72, 45, 60, 69, 93"
Womens Sunglasses,17.70%,"53, 74, 100, 92, 71, 76, 51, 54, 84, 73, 54, 51, 50, 67, 54, 78, 73, 57, 54, 51, 48, 51, 75, 70, 58, 51, 47, 46, 47, 69, 60"
Air fryer,17.22%,"60, 75, 84, 83, 71, 69, 65, 61, 80, 95, 73, 69, 67, 65, 61, 76, 100, 75, 73, 71, 63, 65, 78, 89, 76, 69, 69, 71, 62, 81, 95"
Designer Luggage,16.85%,"0, 0, 0, 0, 0, 0, 0, 0, 0, 100, 0, 0, 0, 0, 0, 0, 0, 57, 49, 48, 46, 49, 71, 69, 55, 48, 42, 56, 44, 62, 67"
Smart Plug,16.67%,"68, 71, 83, 73, 75, 71, 66, 66, 81, 82, 73, 69, 62, 78, 66, 80, 86, 72, 71, 70, 64, 71, 84, 89, 77, 78, 74, 71, 75, 82, 100"
Mens Watch,16.67%,"70, 82, 81, 84, 69, 67, 67, 72, 99, 100, 68, 68, 63, 68, 68, 83, 82, 68, 66, 61, 64, 68, 83, 89, 71, 71, 67, 66, 72, 85, 87"
Cell Phone Wireless Charger,16.56%,"0, 0, 0, 0, 0, 0, 0, 0, 0, 0, 0, 0, 0, 0, 0, 0, 0, 66, 76, 65, 59, 57, 95, 75, 77, 75, 68, 100, 74, 88, 92"
Gaming chair,16.15%,"73, 88, 100, 86, 76, 71, 65, 70, 90, 92, 73, 72, 65, 72, 75, 91, 92, 78, 71, 74, 73, 74, 94, 88, 78, 70, 72, 75, 74, 90, 96"
Inflatable Kayak,15.71%,"70, 73, 100, 89, 67, 46, 31, 49, 84, 75, 51, 39, 46, 45, 59, 45, 51, 41, 37, 34, 33, 35, 49, 54, 40, 32, 30, 30, 29, 42, 39"
Portable Grills,15.59%,"100, 80, 0, 0, 0, 69, 0, 0, 0, 0, 0, 0, 0, 0, 92, 0, 0, 41, 34, 35, 36, 34, 50, 43, 40, 37, 39, 29, 27, 45, 41"
The Survival Handbook,15.32%,"0, 0, 0, 0, 0, 0, 0, 0, 0, 0, 0, 0, 0, 0, 0, 0, 0, 66, 71, 79, 100, 69, 96, 76, 45, 58, 60, 61, 41, 65, 78"
Framed Wall Art,15.04%,"57, 65, 100, 96, 94, 76, 61, 65, 76, 87, 68, 64, 63, 57, 55, 85, 89, 66, 68, 60, 58, 63, 73, 86, 72, 65, 58, 63, 57, 70, 86"
Compost Bins,15.02%,"41, 42, 53, 43, 37, 100, 37, 37, 47, 50, 63, 77, 46, 51, 37, 67, 82, 44, 47, 51, 47, 43, 47, 51, 45, 42, 38, 37, 35, 47, 51"
MTB Direct,14.77%,"0, 0, 0, 0, 0, 87, 0, 0, 0, 0, 0, 0, 0, 0, 0, 100, 0, 65, 60, 58, 58, 50, 54, 61, 60, 50, 59, 44, 44, 61, 68"
Metal Wall Art,14.75%,"61, 83, 100, 75, 66, 78, 60, 58, 79, 72, 70, 48, 65, 51, 54, 64, 84, 59, 61, 57, 57, 57, 71, 74, 60, 55, 53, 55, 52, 64, 76"
Action figure,14.72%,"85, 92, 92, 91, 73, 77, 76, 76, 100, 98, 77, 64, 73, 65, 77, 93, 93, 78, 72, 75, 74, 81, 91, 98, 75, 72, 72, 76, 76, 95, 92"
Bath bomb,14.71%,"80, 98, 86, 88, 80, 76, 58, 75, 88, 88, 73, 72, 80, 98, 89, 90, 100, 79, 81, 71, 82, 80, 93, 94, 83, 80, 80, 76, 82, 97, 98"
Wall Art  Decor,14.27%,"69, 98, 88, 100, 72, 79, 66, 68, 87, 80, 78, 76, 65, 77, 61, 78, 96, 74, 68, 67, 65, 69, 90, 93, 77, 69, 64, 64, 63, 77, 88"
Junior Golf Club,14.18%,"62, 0, 100, 68, 89, 66, 0, 0, 76, 64, 62, 0, 0, 91, 0, 60, 81, 47, 46, 40, 38, 43, 44, 53, 47, 39, 33, 39, 36, 42, 53"
Candles,14.14%,"73, 81, 94, 84, 75, 71, 74, 77, 88, 95, 77, 70, 71, 76, 76, 85, 96, 80, 76, 79, 73, 81, 93, 99, 86, 84, 80, 82, 79, 96, 100"
Shane Co,13.81%,"85, 97, 60, 74, 89, 85, 56, 93, 97, 69, 72, 75, 93, 70, 79, 100, 87, 79, 74, 73, 70, 74, 95, 94, 79, 78, 69, 70, 69, 92, 86"
Fishing Kayak,13.64%,"72, 80, 96, 100, 81, 53, 70, 63, 63, 76, 72, 62, 51, 54, 62, 70, 61, 64, 55, 50, 50, 54, 71, 76, 58, 52, 46, 47, 46, 57, 63"
Video Baby Monitor,13.49%,"53, 98, 100, 64, 61, 66, 67, 71, 0, 70, 61, 0, 78, 66, 46, 58, 74, 68, 62, 56, 61, 55, 68, 70, 65, 59, 58, 56, 53, 68, 75"
Succulents,13.45%,"94, 90, 100, 98, 92, 79, 73, 72, 99, 99, 80, 75, 70, 77, 73, 83, 98, 75, 73, 70, 68, 71, 92, 95, 72, 75, 64, 66, 66, 86, 81"
Canvas Wall Art,13.27%,"78, 93, 87, 98, 76, 76, 70, 72, 64, 95, 80, 62, 72, 68, 67, 82, 88, 76, 72, 68, 64, 67, 85, 100, 74, 70, 64, 67, 68, 81, 88"
Wireless Charger,13.20%,"75, 79, 77, 80, 73, 79, 69, 68, 86, 81, 73, 72, 72, 73, 71, 86, 83, 79, 76, 73, 77, 79, 98, 95, 85, 83, 82, 89, 86, 100, 96"
Coffee grinder,13.00%,"74, 97, 91, 97, 74, 82, 78, 83, 91, 100, 88, 74, 71, 82, 80, 95, 87, 79, 74, 75, 72, 85, 91, 91, 77, 76, 73, 76, 78, 88, 97"
Junior Tennis Racquet,12.85%,"0, 0, 0, 0, 0, 0, 0, 0, 0, 0, 0, 0, 0, 0, 0, 0, 0, 62, 63, 55, 96, 69, 91, 100, 58, 60, 73, 53, 44, 89, 55"
Hiking Backpack,12.54%,"64, 92, 91, 93, 81, 87, 77, 70, 81, 100, 90, 68, 68, 85, 62, 67, 100, 77, 70, 68, 64, 69, 77, 92, 73, 67, 62, 61, 65, 76, 82"
Portable Grill,12.47%,"69, 99, 100, 100, 61, 54, 58, 56, 75, 70, 47, 52, 41, 48, 55, 73, 66, 55, 50, 49, 49, 51, 67, 66, 56, 48, 47, 51, 50, 64, 61"
Baby Carrier,11.95%,"72, 78, 78, 76, 72, 71, 62, 66, 82, 82, 62, 68, 65, 67, 65, 84, 77, 75, 68, 70, 68, 71, 100, 85, 75, 68, 64, 67, 65, 79, 84"
Automatic Dog Feeder,11.77%,"58, 0, 0, 0, 53, 0, 56, 70, 0, 0, 70, 74, 0, 0, 100, 0, 0, 52, 48, 50, 47, 52, 62, 58, 49, 46, 49, 48, 46, 57, 61"
Wall Art,11.66%,"71, 89, 95, 95, 81, 77, 73, 75, 90, 99, 78, 74, 73, 67, 75, 86, 95, 82, 74, 78, 72, 75, 93, 100, 83, 75, 72, 74, 72, 87, 93"
Halloween Throw Pillow,11.63%,"0, 0, 0, 0, 0, 0, 0, 0, 0, 0, 0, 0, 0, 0, 0, 0, 0, 86, 71, 73, 73, 49, 82, 100, 78, 73, 78, 72, 52, 82, 85"
Packing cube,11.11%,"83, 77, 87, 70, 92, 62, 54, 74, 71, 100, 74, 56, 70, 44, 51, 48, 86, 62, 67, 61, 55, 60, 64, 74, 65, 61, 58, 59, 53, 66, 74"
BlackboxMyCar,11.02%,"0, 0, 0, 0, 0, 0, 0, 0, 0, 0, 0, 0, 0, 0, 0, 0, 0, 94, 0, 100, 41, 77, 82, 76, 63, 44, 71, 43, 60, 64, 79"
Mens Sunglasses,11.02%,"93, 93, 100, 97, 79, 77, 63, 62, 94, 99, 74, 70, 57, 67, 61, 86, 96, 75, 71, 67, 63, 66, 80, 86, 71, 65, 59, 56, 59, 70, 73"
Baby monitor,10.98%,"75, 84, 97, 87, 79, 76, 83, 79, 95, 94, 71, 78, 80, 76, 79, 96, 92, 82, 76, 73, 73, 77, 89, 100, 88, 80, 75, 73, 75, 89, 93"
Handbag,10.94%,"86, 93, 98, 86, 81, 81, 77, 76, 97, 100, 73, 73, 76, 77, 80, 95, 98, 79, 73, 76, 81, 81, 90, 95, 82, 75, 74, 78, 79, 90, 94"
Outdoor Throw Pillow,10.77%,"0, 0, 0, 0, 0, 0, 0, 0, 0, 0, 0, 0, 0, 0, 0, 0, 0, 84, 93, 87, 52, 70, 59, 100, 70, 58, 65, 58, 53, 57, 87"
Sunglasses,10.48%,"86, 97, 100, 85, 77, 73, 68, 72, 90, 92, 72, 65, 64, 69, 71, 89, 86, 73, 67, 66, 66, 71, 84, 85, 71, 64, 62, 63, 67, 78, 78"
Baltic Watches,10.42%,"38, 55, 47, 57, 36, 51, 42, 48, 47, 46, 65, 63, 39, 35, 43, 43, 55, 92, 100, 80, 84, 58, 53, 57, 50, 42, 43, 44, 42, 51, 55"
Mobile Phone Case,10.39%,"74, 63, 60, 86, 64, 47, 54, 45, 90, 79, 58, 54, 46, 72, 100, 80, 75, 71, 67, 71, 70, 77, 89, 86, 78, 80, 73, 81, 83, 85, 91"
Throw pillow,10.37%,"79, 96, 89, 87, 78, 85, 78, 73, 86, 100, 79, 69, 78, 87, 74, 92, 94, 80, 79, 76, 69, 69, 86, 89, 79, 66, 70, 67, 68, 81, 85"
Candle,10.22%,"76, 84, 83, 80, 78, 77, 73, 80, 89, 95, 79, 77, 73, 76, 82, 95, 92, 81, 79, 81, 77, 80, 89, 100, 90, 82, 82, 85, 82, 95, 96"
Tote Handbag,9.92%,"78, 53, 81, 100, 67, 84, 72, 66, 81, 82, 55, 79, 71, 62, 75, 61, 63, 58, 58, 58, 59, 56, 65, 70, 57, 54, 55, 58, 52, 62, 71"
A Stranger in the House,9.85%,"0, 0, 0, 0, 0, 100, 0, 0, 0, 0, 0, 0, 0, 0, 0, 0, 0, 45, 47, 40, 44, 40, 42, 40, 58, 44, 50, 46, 38, 50, 52"
Smartwatch,9.74%,"79, 83, 92, 82, 77, 81, 79, 76, 78, 93, 81, 83, 78, 79, 78, 80, 82, 86, 83, 84, 83, 83, 90, 97, 89, 88, 87, 90, 91, 98, 100"
Bike Lock,9.64%,"84, 100, 99, 91, 82, 97, 83, 76, 93, 94, 80, 77, 77, 81, 67, 86, 91, 87, 77, 74, 73, 73, 85, 88, 74, 70, 69, 64, 63, 76, 81"
Garmin Venu 2 Plus,9.54%,"59, 61, 100, 72, 71, 54, 75, 50, 74, 60, 58, 79, 55, 58, 52, 63, 52, 63, 49, 51, 55, 56, 57, 68, 55, 56, 51, 51, 52, 65, 59"
webcam sex,9.54%,"79, 84, 86, 74, 73, 67, 79, 78, 83, 100, 84, 80, 80, 81, 80, 79, 92, 76, 73, 79, 73, 72, 83, 86, 76, 73, 70, 71, 72, 87, 83"
Cat Automatic Feeder,9.38%,"85, 100, 74, 91, 65, 71, 73, 73, 62, 90, 78, 58, 76, 70, 76, 65, 86, 66, 65, 66, 62, 63, 73, 76, 64, 64, 67, 66, 64, 71, 79"
Home Workout  No Equipment,9.33%,"80, 0, 0, 0, 0, 75, 0, 89, 0, 83, 74, 0, 77, 0, 100, 0, 83, 67, 65, 69, 58, 67, 55, 72, 78, 65, 61, 60, 58, 65, 78"
Camping Tent,9.22%,"88, 93, 100, 88, 85, 71, 66, 70, 79, 82, 70, 66, 64, 64, 61, 69, 80, 71, 66, 59, 63, 59, 68, 80, 70, 61, 56, 54, 50, 62, 66"
Maton,8.96%,"57, 66, 62, 70, 76, 56, 71, 81, 81, 100, 62, 61, 65, 53, 59, 65, 70, 65, 58, 54, 61, 56, 59, 64, 85, 57, 64, 60, 57, 66, 73"
Bath Bombs For Kids,8.59%,"0, 0, 0, 0, 0, 0, 0, 0, 0, 0, 0, 0, 0, 0, 0, 0, 0, 85, 70, 79, 71, 66, 82, 100, 83, 83, 68, 75, 88, 83, 94"
Baby  Kids Furniture,8.28%,"0, 0, 0, 0, 0, 0, 0, 0, 0, 0, 0, 0, 0, 0, 0, 0, 0, 57, 55, 56, 59, 56, 100, 88, 51, 41, 61, 54, 58, 75, 61"
Garmin Venu,8.13%,"87, 93, 98, 94, 80, 86, 78, 78, 84, 100, 83, 79, 77, 78, 77, 88, 90, 85, 82, 81, 75, 79, 87, 98, 88, 81, 76, 73, 73, 83, 90"
Anil Lamba,8.02%,"0, 0, 0, 0, 0, 0, 0, 0, 100, 0, 0, 0, 0, 0, 0, 0, 0, 11, 10, 8, 8, 8, 18, 9, 6, 10, 13, 11, 11, 14, 11"
ONE Macau,7.78%,"0, 0, 0, 0, 0, 0, 0, 0, 0, 0, 0, 0, 0, 0, 0, 0, 0, 84, 80, 68, 100, 87, 81, 74, 86, 81, 90, 92, 96, 90, 98"
Travel Pillows,7.64%,"0, 73, 96, 84, 58, 65, 86, 63, 82, 88, 95, 76, 0, 92, 0, 100, 0, 72, 72, 71, 69, 68, 75, 96, 74, 77, 73, 61, 66, 77, 78"
Garmin Enduro 2,7.47%,"100, 90, 91, 61, 61, 73, 0, 56, 51, 53, 71, 52, 0, 0, 38, 86, 63, 57, 57, 52, 59, 53, 52, 61, 52, 44, 40, 39, 42, 48, 47"
Clothing,6.90%,"84, 100, 96, 90, 83, 82, 81, 83, 95, 96, 85, 83, 82, 83, 84, 94, 97, 86, 79, 79, 83, 80, 96, 92, 87, 84, 86, 83, 83, 91, 95"
RV Solar Panel,6.37%,"0, 0, 86, 0, 0, 79, 100, 0, 0, 0, 94, 85, 0, 88, 80, 91, 0, 65, 74, 68, 73, 70, 72, 81, 81, 62, 67, 72, 66, 75, 80"
Kids Travel Pillow,6.30%,"0, 0, 0, 0, 0, 0, 0, 0, 0, 0, 0, 0, 0, 0, 0, 0, 100, 29, 25, 19, 31, 25, 28, 35, 26, 26, 24, 20, 24, 27, 27"
Girls Handbag,6.17%,"0, 0, 100, 76, 0, 0, 63, 0, 0, 0, 0, 0, 0, 68, 0, 0, 82, 37, 44, 34, 38, 37, 45, 49, 38, 33, 38, 37, 37, 43, 43"
Options as a Strategic Investment,6.16%,"0, 0, 0, 0, 0, 0, 0, 0, 0, 0, 0, 0, 0, 0, 0, 0, 0, 65, 39, 100, 57, 47, 64, 62, 64, 67, 50, 56, 57, 62, 62"
Video Doorbell,6.14%,"76, 100, 91, 78, 76, 78, 68, 72, 79, 83, 77, 70, 70, 70, 63, 71, 84, 68, 67, 68, 71, 67, 78, 75, 75, 69, 69, 69, 66, 75, 78"
Baby Tula,6.06%,"54, 76, 79, 66, 60, 67, 67, 55, 100, 53, 54, 79, 70, 69, 46, 80, 72, 63, 57, 72, 69, 71, 80, 71, 63, 56, 54, 56, 56, 62, 64"
Chicago Electric Power Tools,5.88%,"0, 0, 0, 0, 0, 0, 0, 0, 0, 0, 0, 0, 0, 0, 0, 0, 0, 71, 64, 39, 57, 73, 100, 76, 78, 70, 56, 65, 70, 72, 72"
Ferkos Fine Jewelry,5.83%,"0, 0, 0, 0, 0, 0, 0, 0, 0, 0, 0, 0, 0, 0, 0, 0, 0, 69, 68, 84, 74, 85, 64, 83, 95, 72, 72, 84, 68, 100, 66"
Streetwear,5.64%,"81, 90, 91, 84, 84, 82, 86, 84, 92, 91, 88, 86, 92, 81, 85, 94, 98, 90, 88, 88, 86, 84, 86, 100, 86, 88, 85, 87, 87, 96, 94"
Smart lock,5.48%,"100, 93, 91, 85, 84, 89, 79, 81, 91, 88, 86, 90, 84, 84, 77, 89, 86, 91, 85, 87, 87, 83, 91, 93, 89, 87, 80, 83, 80, 89, 92"
Camping tents,5.39%,"73, 83, 100, 84, 100, 87, 70, 71, 73, 66, 77, 63, 57, 64, 61, 76, 73, 74, 62, 61, 60, 59, 67, 78, 72, 64, 60, 57, 55, 62, 67"
Mountain bike,4.96%,"70, 83, 89, 82, 69, 68, 65, 67, 77, 88, 70, 68, 63, 66, 63, 78, 78, 72, 65, 60, 63, 62, 78, 78, 70, 62, 59, 56, 100, 74, 74"
Travel Pillow,4.88%,"84, 76, 95, 95, 82, 76, 72, 66, 89, 100, 79, 77, 76, 68, 66, 77, 91, 76, 70, 70, 73, 75, 84, 88, 82, 71, 71, 67, 77, 80, 79"
Birthday Candle,4.86%,"76, 84, 75, 78, 84, 85, 60, 73, 86, 100, 77, 79, 70, 93, 84, 88, 78, 77, 76, 74, 73, 75, 89, 82, 76, 79, 73, 75, 74, 82, 82"
Green Murder,4.74%,"51, 68, 70, 98, 88, 62, 64, 90, 100, 55, 56, 91, 39, 78, 52, 71, 88, 73, 72, 67, 71, 73, 69, 90, 71, 77, 91, 74, 73, 75, 86"
Oscillating multitool,4.35%,"0, 0, 0, 0, 0, 0, 0, 0, 0, 0, 0, 0, 0, 0, 0, 0, 0, 100, 75, 71, 71, 86, 99, 100, 88, 64, 68, 56, 72, 73, 71"
Natural Hair Care,4.32%,"63, 70, 100, 80, 59, 46, 57, 65, 49, 71, 38, 66, 62, 53, 50, 67, 58, 52, 56, 50, 53, 53, 70, 55, 54, 54, 50, 51, 56, 63, 53"
Kayak,3.99%,"93, 99, 99, 100, 90, 80, 79, 77, 84, 90, 83, 78, 73, 74, 73, 78, 81, 84, 81, 78, 71, 72, 80, 82, 78, 74, 69, 68, 63, 70, 76"
Toothbrush,3.90%,"91, 93, 97, 94, 97, 92, 89, 87, 94, 100, 90, 92, 84, 85, 86, 93, 97, 89, 91, 91, 86, 91, 95, 100, 96, 91, 91, 89, 85, 94, 98"
Protein powder for kids,3.77%,"0, 0, 0, 0, 100, 0, 71, 0, 70, 94, 92, 81, 0, 0, 0, 0, 0, 53, 58, 57, 50, 47, 55, 64, 55, 50, 53, 47, 50, 49, 61"
Charging station,3.62%,"55, 93, 100, 56, 53, 52, 49, 50, 53, 60, 55, 52, 53, 60, 73, 100, 88, 67, 56, 55, 56, 59, 67, 65, 61, 57, 57, 57, 59, 62, 64"
Buycycle,3.58%,"66, 50, 87, 68, 72, 64, 64, 73, 74, 85, 100, 77, 68, 67, 80, 46, 63, 65, 61, 56, 58, 59, 56, 75, 73, 68, 62, 63, 58, 58, 75"
Gluten free protein,3.58%,"70, 86, 90, 85, 80, 73, 90, 51, 77, 91, 89, 86, 56, 79, 72, 82, 100, 90, 81, 78, 75, 74, 79, 95, 83, 80, 78, 75, 71, 74, 88"
3D Printing Pen,3.50%,"0, 0, 0, 0, 0, 0, 0, 0, 0, 0, 0, 65, 0, 0, 0, 0, 100, 33, 25, 36, 35, 36, 34, 40, 30, 31, 30, 28, 29, 36, 29"
Water bottle,3.43%,"91, 98, 100, 97, 98, 92, 86, 87, 86, 96, 86, 89, 86, 87, 75, 88, 87, 91, 86, 89, 83, 86, 90, 93, 88, 89, 84, 82, 77, 87, 88"
Michael Jordan,3.16%,"61, 65, 76, 65, 57, 58, 59, 82, 74, 70, 58, 58, 55, 58, 60, 64, 62, 55, 63, 77, 89, 100, 92, 79, 63, 77, 64, 62, 64, 69, 68"
Love and Treasure,3.06%,"0, 0, 0, 0, 0, 0, 94, 0, 0, 0, 100, 0, 0, 0, 89, 0, 0, 47, 52, 53, 49, 50, 53, 53, 51, 50, 46, 47, 46, 46, 55"
The Art of Climbing,2.99%,"0, 0, 0, 0, 0, 0, 0, 0, 0, 0, 0, 0, 0, 0, 0, 0, 0, 81, 65, 100, 52, 77, 46, 63, 72, 82, 63, 59, 50, 69, 55"
Serum,2.88%,"92, 96, 97, 92, 91, 94, 89, 87, 94, 100, 94, 90, 87, 89, 88, 94, 93, 91, 90, 91, 88, 92, 93, 95, 90, 87, 88, 88, 90, 95, 94"
Dremel,2.78%,"90, 94, 83, 90, 89, 82, 85, 86, 90, 90, 82, 83, 91, 78, 84, 90, 87, 86, 86, 86, 85, 88, 96, 93, 100, 97, 85, 86, 89, 97, 88"
Tennis Racquet,2.71%,"87, 85, 94, 77, 95, 87, 83, 77, 93, 100, 77, 75, 74, 76, 73, 84, 63, 72, 67, 67, 67, 63, 74, 75, 68, 62, 60, 59, 61, 66, 63"
Best Bike Locks,2.56%,"0, 0, 100, 96, 0, 0, 0, 0, 0, 0, 0, 0, 0, 88, 0, 0, 0, 49, 44, 45, 42, 44, 50, 49, 46, 36, 33, 36, 41, 39, 41"
Meal replacement,2.33%,"71, 88, 79, 87, 96, 99, 92, 86, 82, 100, 83, 75, 98, 83, 80, 84, 85, 84, 83, 84, 83, 77, 82, 88, 87, 86, 85, 78, 73, 83, 84"
Yoga mat,2.14%,"80, 90, 96, 92, 94, 86, 88, 83, 98, 100, 91, 76, 86, 80, 70, 89, 91, 88, 83, 82, 82, 77, 84, 93, 91, 87, 86, 82, 76, 83, 89"
CurrentBody Skin LED Light Therapy Face Mask,2.02%,"0, 0, 0, 0, 0, 0, 0, 0, 0, 0, 0, 0, 0, 0, 0, 0, 0, 0, 93, 71, 65, 0, 0, 79, 0, 0, 0, 0, 100, 0, 72"
GPS watch,1.91%,"80, 83, 87, 91, 76, 74, 82, 78, 88, 88, 97, 100, 99, 87, 92, 95, 96, 89, 89, 90, 84, 88, 96, 100, 94, 89, 84, 91, 83, 90, 91"
My Playroom,1.86%,"0, 0, 0, 0, 0, 0, 100, 0, 0, 0, 0, 0, 0, 0, 0, 0, 0, 27, 20, 23, 21, 22, 22, 18, 23, 22, 21, 23, 20, 23, 24"
Kids Playroom Furniture,1.71%,"0, 0, 0, 0, 0, 0, 0, 0, 0, 0, 0, 0, 0, 0, 0, 0, 0, 30, 0, 41, 0, 42, 54, 56, 56, 39, 32, 36, 100, 34, 51"
Educational Toys,1.47%,"80, 82, 82, 74, 67, 77, 80, 78, 83, 89, 78, 91, 80, 74, 81, 85, 100, 84, 78, 83, 80, 74, 87, 90, 82, 84, 78, 82, 78, 83, 83"
Smart Clothing,1.45%,"64, 60, 61, 52, 84, 100, 64, 81, 96, 86, 93, 61, 67, 60, 71, 60, 80, 76, 71, 68, 71, 65, 66, 69, 74, 70, 62, 71, 67, 66, 74"
Scarves  Wraps,1.27%,"0, 0, 0, 0, 0, 0, 0, 0, 0, 0, 0, 0, 0, 0, 0, 0, 0, 93, 51, 52, 47, 66, 61, 67, 100, 54, 51, 47, 38, 46, 50"
The Wellness Syndrome,1.20%,"0, 0, 0, 0, 0, 0, 0, 0, 0, 0, 0, 0, 0, 0, 0, 0, 0, 96, 77, 69, 62, 59, 0, 0, 100, 91, 70, 61, 88, 71, 62"
Solar panels,1.03%,"91, 85, 82, 93, 94, 92, 89, 89, 82, 89, 90, 91, 86, 85, 83, 86, 81, 90, 86, 94, 93, 87, 86, 87, 100, 90, 88, 86, 82, 90, 87"
Passport Holder,0.91%,"64, 59, 77, 71, 75, 77, 65, 65, 73, 74, 100, 77, 69, 82, 63, 63, 66, 70, 69, 70, 71, 62, 68, 70, 64, 70, 79, 68, 68, 68, 74"
Brilliance Fine Jewelry,0.79%,"0, 0, 0, 0, 0, 0, 0, 0, 0, 0, 0, 0, 0, 0, 0, 0, 0, 100, 57, 50, 53, 39, 67, 82, 56, 70, 67, 58, 58, 56, 71"
Solar panel,0.75%,"100, 94, 91, 94, 96, 94, 84, 88, 85, 91, 81, 88, 88, 90, 89, 92, 84, 90, 91, 93, 90, 91, 94, 89, 100, 99, 95, 90, 87, 94, 93"
athleisure wear,0.73%,"0, 0, 0, 0, 0, 49, 47, 0, 0, 0, 52, 53, 100, 0, 0, 0, 0, 43, 44, 47, 44, 39, 43, 48, 46, 41, 40, 39, 39, 42, 41"
Lateral band walk,0.64%,"0, 0, 0, 0, 0, 0, 0, 0, 0, 0, 0, 0, 0, 0, 0, 0, 0, 100, 69, 58, 80, 67, 59, 59, 87, 73, 80, 44, 58, 59, 67"
Athleisure Wear,0.49%,"0, 0, 0, 0, 0, 49, 47, 0, 0, 0, 52, 53, 100, 0, 0, 0, 0, 43, 43, 46, 43, 40, 42, 47, 47, 39, 39, 39, 39, 43, 39"
Stylus,0.47%,"82, 81, 90, 85, 86, 93, 88, 86, 89, 87, 87, 100, 88, 88, 94, 87, 85, 90, 90, 89, 91, 91, 89, 90, 86, 90, 90, 91, 91, 91, 92"
Facial Serum,0.35%,"97, 84, 84, 97, 82, 90, 93, 89, 95, 100, 86, 90, 84, 86, 82, 98, 88, 97, 88, 88, 95, 85, 88, 86, 86, 83, 83, 83, 84, 85, 86"
Kids Throw Pillow,0.27%,"0, 0, 0, 0, 0, 0, 0, 0, 0, 0, 0, 0, 0, 0, 0, 0, 0, 100, 60, 60, 49, 75, 90, 82, 89, 86, 74, 83, 56, 66, 80"
Radio Control Car Manual,0.00%,"0, 0, 0, 0, 0, 0, 0, 0, 0, 0, 0, 0, 0, 0, 0, 0, 0, 0, 0, 100, 0, 0, 0, 0, 0, 0, 0, 0, 0, 0, 0"
BCAA,0.00%,"92, 88, 83, 94, 100, 98, 95, 88, 84, 78, 95, 89, 95, 93, 87, 87, 80, 91, 90, 89, 90, 81, 78, 79, 90, 92, 92, 90, 81, 80, 78"
Protein Ninja Power Through Your Day with 100 Hearty PlantBased Recipes that Pack a Protein Punch,0.00%,
Hip hop fashion,0.00%,"0, 0, 77, 0, 77, 0, 100, 91, 0, 0, 55, 0, 77, 48, 75, 63, 78, 58, 63, 67, 70, 67, 70, 65, 60, 55, 61, 82, 59, 64, 53"
Hanen Automatic Cattle and Livestock Feeders,0.00%,"0, 0, 0, 0, 0, 0, 0, 0, 0, 0, 0, 0, 0, 0, 0, 0, 100, 0, 0, 0, 0, 0, 0, 0, 0, 0, 0, 0, 0, 0, 0"
Resistance band,0.00%,"85, 71, 92, 100, 80, 84, 82, 71, 69, 94, 88, 77, 86, 85, 81, 83, 89, 79, 84, 77, 71, 74, 89, 91, 87, 81, 83, 82, 74, 75, 78"
tune Porteur stem mount for GPS cycling computers for GT 40 black,0.00%,
Numbered Lives Life and Death in Quantum Media,0.00%,
Correspondence relating to reprints  special editions  advertising  and subscriptions  and all remit,0.00%,
Lawn Care Tools Nursing Plant Soil Moisture Meter Hygrometer Humidity Plants,0.00%,
Geek Me  Geekfy yourself Augmented Reality to add funny Geek Glasses  Version 16  iOS,0.00%,
Popsport 56 Pack Portable Water Filters Personal Water Filtration Straw Filtration System Water Puri,0.00%,
Housoutil 1 Set Clock Movement Clock Mechanism Clock Parts Home Accessories Silent Wall Clock DIY Cl,0.00%,
Angela M Sanders,0.00%,
DK Eyewitness Sicily,0.00%,
InnoGear Essential Oil Diffuser Upgraded Diffusers for Essential Oils Aromatherapy Diffuser Cool Mis,0.00%,
Graphic design courses,0.00%,"76, 81, 78, 94, 88, 82, 69, 58, 100, 77, 75, 83, 85, 84, 65, 77, 54, 72, 71, 76, 68, 68, 85, 67, 81, 78, 75, 72, 64, 81, 63"
The Otto Grill Pro,0.00%,"0, 0, 0, 0, 0, 0, 0, 0, 0, 100, 0, 0, 0, 0, 0, 0, 0, 0, 0, 0, 0, 0, 0, 0, 0, 0, 0, 0, 0, 0, 0"
Not That I Could Tell A Novel,0.00%,"0, 0, 0, 0, 0, 0, 0, 0, 0, 0, 0, 0, 0, 0, 0, 0, 0, 77, 81, 76, 88, 0, 0, 0, 85, 100, 0, 87, 0, 0, 0"
BESTEK Mrj2604 30Watt Mini Travel Power Adapters,0.00%,
ANTLER Set of 4 Packing Cubes for Suitcase Chelsea Packing Cubes,0.00%,
Cozy Squaretoe Mule Slides with Breathable and Soft Knit Uppers  Ecofriendly Recycled Plastic Shoes ,0.00%,
Tranquil Paradise Home by the Beach,0.00%,
Stainless Steel Nail Edge Cutter Claws Scissors Dogs Nail File Trimmer Clipper Nailsclipper Pet Groo,0.00%,
Offgrid Solar Power Simplified RVs Vans Cabins Boats and Tiny Homes,0.00%,
ESS Iron Flow Chemistry  ESS Inc,0.00%,
bestwatchshopnet 459914 Sb0002 Women Watches Highend Watch Female Watches Stainless Steel Quartz Wri,0.00%,
bestwatchshopnet 554429 Sport Hot 579 TVG Highend Brand Watches Men LED Display Full Steel Quartz Wa,0.00%,
Babysoy,0.00%,
CHERRY MX RGB Blue Switch Kit 23 Mechanical Keyboard Switches For DIY HotSwap Or Gaming Keyboards,0.00%,
SHOTAY 580 ML Kids  Adults Water Bottles Reusable Leak Proof BPAFree with Lockable  Fast Flow,0.00%,
Canadian Gardeners Guide 3rd Edition,0.00%,
Ranger Handbook Large Format Edition,0.00%,
Classic Woodys Station Wagons Sedans and Convertibles,0.00%,
Magic Mixies Magical Misting Cauldron,0.00%,
MiiCoffee DF64P Premium Single Dose Espresso Grinder White,0.00%,
Big Business Trend Highend Leather Watches Men Quartz Chronograph NoMechanical Automatic Lumious Big,0.00%,
Gozone Walking TreadmillPad For Standing Desks  BlackGrey,0.00%,
Texas Instruments TMP112AIDRLR Board Mount Temperature Sensors,0.00%,
Xiaomi Massage guns MASAER GYMGUN FIT 20,0.00%,"0, 0, 0, 0, 0, 0, 0, 0, 0, 0, 0, 0, 0, 0, 0, 0, 0, 0, 0, 0, 100, 0, 0, 0, 0, 0, 0, 0, 0, 0, 0"
Ocean City Webcams LIVE,0.00%,"0, 0, 0, 0, 0, 0, 0, 0, 0, 0, 0, 0, 0, 0, 0, 0, 0, 0, 0, 0, 0, 0, 0, 0, 0, 0, 0, 100, 93, 0, 0"
Smithsonian Passport,0.00%,
McKINLEY Crxss I CT External Frame Camping  Hiking Backpacks Blue PetrolGrey Lig 5,0.00%,
HewlettPackard Official Scanner Handbook,0.00%,
TRIPPED Travel Gear Compression Packing Cubes for Travel Luggage and Backpack Organizer Packaging Cu,0.00%,
The Rock Warriors Way Mental Training for Climbers,0.00%,
Wind turbine,0.00%,"79, 66, 58, 75, 73, 72, 85, 100, 92, 90, 92, 82, 85, 81, 75, 67, 59, 71, 71, 75, 80, 74, 69, 68, 82, 84, 81, 85, 100, 71, 83"
SteelSeries Stratus Duo Windows Android VR Gaming Controller,0.00%,
Reusable Paper Towels 100 Organic Cotton 12 or 24 Pack,0.00%,
False Witness,0.00%,"52, 0, 72, 73, 35, 51, 80, 55, 77, 63, 59, 74, 72, 100, 48, 67, 88, 86, 79, 78, 87, 71, 59, 71, 70, 70, 72, 72, 60, 51, 67"
Heitai Japanese Infantryman 19311945,0.00%,
DeLonghi Mini Descaler,0.00%,
iRobot Lithium Ion Battery for Roomba,0.00%,
ViatomTech ECG  Pulse oximeters BabyO2,0.00%,
The First State of Being,0.00%,"51, 52, 28, 40, 65, 78, 76, 77, 40, 50, 99, 61, 100, 89, 54, 45, 54, 69, 65, 60, 71, 63, 39, 45, 73, 66, 79, 62, 53, 35, 43"
Fortune Favors the Dead A Pentecost and Parker Mystery,0.00%,
YFFSUN Multifunctional Portable Bike Repair Kits for Wheel Reparing,0.00%,
Ashlee Piper,0.00%,
Lesson Plans for Dynamic Physical Education for Elementary School Children,0.00%,
Basketball,0.00%,"100, 20, 7, 7, 7, 7, 7, 7, 7, 7, 6, 6, 6, 8, 6, 7, 6, 6, 7, 6, 7, 7, 7, 7, 6, 7, 7, 7, 7, 7, 7"
Inventory Log Book 110 Large Size Pages 8 5 X 11 Inches for Small Business Log Book Simple Inventory,0.00%,
Industrial Automation from Scratch A Handson Guide to Using Sensors Actuators PLCs HMIs and SCADA to,0.00%,"0, 0, 0, 0, 0, 0, 0, 0, 0, 0, 0, 0, 0, 0, 100, 0, 0, 0, 0, 0, 0, 0, 0, 0, 0, 0, 0, 0, 0, 0, 0"
LUXSURE Fitness Trackers Waterproof Activity Monitors 3D Screen Watch Bracelet Heart for,0.00%,
Soft Electronics Iconic Retro Designs from the 60s 70s and 80s,0.00%,
The American Lawn,0.00%,"0, 0, 0, 0, 0, 0, 0, 0, 0, 0, 0, 0, 0, 0, 0, 0, 0, 93, 79, 100, 90, 81, 50, 69, 90, 64, 71, 71, 55, 58, 47"
FuseBox EV Distribution Units for Electric Vehicle Chargers 100A MS  SPD 32A,0.00%,
Toonz Academy  Animation Film Making VFX Graphic Design Courses,0.00%,
Massage Guns NZ,0.00%,
Cleangreen Fabric Refresher Pet Odor and Stain Remover for Dogs and Cats 14 Ounce,0.00%,
Long  McQuade Musical Instruments,0.00%,"0, 0, 0, 0, 0, 0, 0, 0, 0, 0, 0, 0, 0, 0, 0, 0, 0, 68, 64, 58, 50, 81, 50, 67, 100, 54, 66, 49, 67, 38, 41"
Capxx,0.00%,"0, 0, 0, 0, 0, 0, 100, 0, 0, 0, 0, 0, 0, 0, 0, 0, 0, 9, 0, 6, 12, 9, 0, 0, 8, 10, 0, 8, 0, 0, 0"
Universal Animal Pump,0.00%,
Navigation Remote for UNIT 1 Smart Helmets  Bicycle Lights,0.00%,
Stylish Decatur Home 10 Mi to Downtown Atlanta,0.00%,"0, 0, 0, 0, 0, 0, 0, 0, 0, 0, 0, 0, 0, 0, 0, 0, 0, 0, 100, 0, 0, 0, 0, 0, 0, 0, 0, 0, 0, 0, 0"
Aromatherapy Kits by Revive Essential Oils,0.00%,"0, 0, 0, 100, 0, 0, 0, 0, 0, 0, 0, 0, 0, 0, 0, 0, 0, 0, 0, 0, 0, 0, 0, 0, 0, 0, 0, 0, 0, 0, 0"
Lundhags Dovre 30 hiking backpacks Blue 30L,0.00%,
CUTEROOM DIY Miniature House Kits with Furniture and LED Lights 3D Wooden Dolls House Kits to Build ,0.00%,
The Simple Path to Wealth Your Road Map to Financial Independence and a Rich Free Life,0.00%,
Fashionopolis The Price of Fast Fashion and the Future of Clothes,0.00%,
Groundd NZ  Weighted Blankets and Bamboo Sheets Store,0.00%,
Noarlalf Cleaning Supplies Aluminum Foil Wall Paper SelfAdhesive Backsplash Heat Kitchen Wallpaper K,0.00%,
Like New Snuza Pico Smart Wearable Baby Monitor  Vibration Audio Alerts Rechargable,0.00%,
Wind Turbines Meditation  Version 23  Android,0.00%,"0, 0, 0, 0, 0, 0, 0, 0, 0, 0, 0, 0, 0, 0, 0, 0, 0, 100, 0, 0, 0, 0, 0, 0, 0, 0, 0, 0, 0, 0, 0"
LifeStraw Peak Series Personal Water Filter Straw,0.00%,
Designers Dream 2 Bedroom Condo with Bay Views,0.00%,
Commerce  educational  scientific and other bodiesIt is supported in part by government and private ,0.00%,
Sony WH1000XM5 Wireless NoiseCanceling Headphones,0.00%,
Peak Sleep Performance for Athletes The Cuttingedge Sleep Science That Will Guarantee a Competitive ,0.00%,
Ricoh Stylus,0.00%,
Nike Mens Tiempo Legend 9 Elite FG,0.00%,
Admission Ticket NonIndonesian Passport Holders,0.00%,
Kmart 2 Piece Large Compression Packing Cubes,0.00%,
The Professional Chef,0.00%,"0, 0, 0, 0, 0, 0, 87, 100, 0, 0, 0, 0, 0, 0, 0, 0, 0, 49, 57, 37, 48, 40, 36, 32, 42, 61, 52, 51, 50, 38, 30"
ADMEC Multimedia Institute Rohini Delhi  Graphic Design Courses  Programming Courses  Video Editing ,0.00%,
RAYNEO Nxtwear S AR Glasses Advanced Edition 215 MicroOLED Augmented Reality,0.00%,
Wacaco Minipresso NS2 Coffee Maker,0.00%,
Infinite Graphix Technologies  Graphic Design Courses In Pune Digital Marketing Course Web Design  U,0.00%,
Keto Cookbook for Beginners 1000 Recipes for Quick and Easy LowCarb Homemade Cooking,0.00%,
Portable Tire Inflators Auto Electric Air Pump for Bicycle Car Air Pumps,0.00%,
The Rodale Book of Composting,0.00%,
Kids Streetwear,0.00%,"0, 0, 0, 0, 0, 0, 0, 0, 0, 0, 100, 0, 0, 0, 0, 0, 0, 14, 14, 10, 13, 11, 14, 15, 14, 11, 9, 13, 12, 15, 10"
Celcius Luxury Bedding Showroom  Nawala,0.00%,
Ed Opperman,0.00%,"0, 0, 0, 0, 0, 0, 0, 0, 0, 0, 0, 0, 0, 0, 0, 0, 0, 0, 100, 0, 0, 0, 0, 0, 0, 0, 0, 0, 0, 0, 0"
Zao essence of nature Zao Nail Polish,0.00%,
Mrs Honeys Hat,0.00%,
Cciyu Universal Uk Us Au To Eu Plug Ac Travel Power Adapters In France Germany Greece Spain Netherla,0.00%,
Sneakers Coloring Book For Kids Ages 48 Sneakers Shoes Coloring Book For Kids Teen Boys A Sneakers C,0.00%,
Myron Golden,0.00%,"0, 7, 7, 0, 5, 5, 7, 0, 7, 0, 0, 6, 0, 0, 0, 0, 6, 4, 4, 4, 4, 16, 100, 46, 33, 22, 22, 25, 16, 15, 15"
Wilson Ultra 100 V2 Tennis Racquet,0.00%,
Vidanta Nuevo Vallarta 4BR5BA Estate,0.00%,
Crunchy keto snacks,0.00%,"0, 0, 0, 0, 0, 0, 0, 0, 0, 0, 0, 0, 0, 0, 0, 0, 0, 0, 76, 0, 0, 0, 84, 0, 0, 0, 0, 0, 100, 0, 0"
Vertical Gardens Direct,0.00%,
Bowers  Wilkins Px7 S2e OverEar NoiseCanceling Wireless Headphones,0.00%,
Wendy Wunder,0.00%,"0, 0, 0, 0, 0, 0, 0, 0, 0, 0, 0, 0, 0, 0, 0, 0, 0, 0, 0, 93, 0, 100, 0, 0, 0, 0, 0, 0, 0, 0, 0"
Catherine House A Novel,0.00%,
The Hashimotos Cookbook and Action Plan 31 Days to Eliminate Toxins and Restore Thyroid Health Throu,0.00%,
Verticalaxis wind turbine,0.00%,
OSIM Massage Chairs Back  Foot Massagers  Metropolis at Metrotown,0.00%,"0, 0, 0, 0, 0, 0, 0, 0, 0, 0, 0, 0, 0, 0, 0, 0, 0, 0, 0, 0, 0, 0, 0, 0, 0, 0, 100, 0, 0, 0, 0"
The Best Packing Cubes,0.00%,"0, 0, 0, 0, 0, 0, 0, 0, 0, 0, 0, 0, 0, 100, 0, 0, 0, 7, 10, 8, 6, 6, 7, 11, 6, 7, 8, 8, 11, 6, 0"
Cozy Roundtoe Mule Slides with Breathable and Soft Knit Uppers  Ecofriendly Recycled Plastic Shoes V,0.00%,"0, 0, 0, 0, 0, 0, 0, 0, 0, 0, 0, 0, 0, 0, 0, 0, 0, 0, 100, 0, 0, 0, 0, 0, 0, 0, 0, 0, 0, 0, 0"
Connected Scales  S3 Range  Redefining Intelligence and Design Recognizing Every Member of The Famil,0.00%,
Anker SOLIX C1000X Portable Power Station,0.00%,"0, 0, 0, 0, 0, 0, 0, 0, 0, 0, 0, 0, 0, 0, 0, 0, 0, 0, 0, 0, 0, 0, 0, 100, 0, 0, 0, 0, 0, 0, 0"
Me  My Big Ideas Happy Punch Planner,0.00%,
Jack Bush Womens Organic Cotton TShirts by Jack,0.00%,
OMRON Blood Pressure Monitors X4 blood Pressure Monitor Upper Arm,0.00%,
Nutrein UNWND Vegan Protein Powders,0.00%,
Facial Steamers,0.00%,"0, 0, 0, 0, 0, 0, 0, 0, 0, 0, 0, 0, 0, 0, 0, 0, 0, 64, 100, 71, 44, 75, 39, 49, 51, 68, 70, 82, 56, 58, 57"
Pick Your Poison How Our Mad Dash to Chemical Utopia is Making Lab Rats of Us All,0.00%,
Aoycocr Smart Plugs That Work With Alexa Echo Google Home For Voice Control,0.00%,"0, 0, 0, 0, 0, 0, 0, 0, 0, 0, 0, 0, 0, 0, 0, 0, 0, 0, 0, 100, 0, 90, 0, 0, 0, 0, 0, 0, 0, 0, 0"
Marvel Legends Deluxe SpiderMan 2 Doc Ock Action Figure,0.00%,
Pandi  Luxury Bedding,0.00%,
10g50kg Portable Luggage Scales Weight Balance Handheld Scales Hanging Electronic Digital LED Scales,0.00%,
Next Level Racing GTLite Foldable Simulator Cockpit NLRS021,0.00%,"0, 0, 0, 0, 0, 0, 100, 0, 0, 0, 0, 0, 0, 0, 0, 0, 0, 0, 0, 0, 0, 0, 0, 0, 0, 0, 0, 0, 0, 0, 0"
Aula Aula F99 Mechanical Gaming Keyboard 99 Keys Trimode Hot Swappable PBT TwoColor Keycap BT24GType,0.00%,
Insta360 Link AI 4K Webcam,0.00%,"0, 0, 0, 0, 0, 0, 0, 0, 0, 0, 0, 0, 0, 0, 0, 0, 0, 0, 0, 0, 0, 0, 0, 0, 0, 0, 100, 90, 99, 0, 0"
LevelUpWay Glass Hydrogen Water Bottle Generator with SPE PEM Technology,0.00%,
The Sanctuary at Desert Color Hot Tub Ebikes,0.00%,
Make Yourself at Home Design Your Space to Discover Your True Self,0.00%,
iglu Reusable Water Bottles Premium Double Walled Stainless Steel Vacuum Insulated Bottle,0.00%,
Bright Crystal Deodorant Spray by Versace,0.00%,
Domqga Foldable Keyboardskeyboard 105 Key Spanish Usb Wired Portable Foldable Quiet Waterproof Dustp,0.00%,
Dont Tell Mama Im Going to Mongolia on a Motorcycle,0.00%,
Portable Tire Inflators Holiday SavingAzrian Tire InflatorPortable AIr CompresorAIr Pump For CarTire,0.00%,
The Complete Spa Manual for Homeowners A Stepbystep Maintenance and Therapy Guide,0.00%,
MODA Makeup Brushes,0.00%,
Makeup Brushes Sets Basic Selection Brush Set 3 Pcs Hakuhodo By Hakuhodo,0.00%,
HUION Inspiroy Q11K Wireless Graphic Drawing Tablets with 8192 Pressure Sensitivity 8,0.00%,
Scivation Xtend,0.00%,"0, 0, 0, 0, 0, 0, 0, 0, 0, 0, 0, 100, 0, 0, 0, 0, 0, 11, 11, 11, 13, 12, 10, 10, 15, 0, 15, 7, 11, 0, 12"
Sporting Goods  Outdoor Recreation  Camping  Hiking  Portable Water Filters  Purifiers Blue,0.00%,
Hand Jobs for the Whole Family,0.00%,"0, 0, 0, 0, 0, 100, 0, 0, 0, 0, 0, 0, 0, 0, 0, 0, 0, 0, 0, 0, 5, 6, 0, 0, 0, 0, 0, 0, 0, 0, 0"
Snacking Bakes Simple Recipes for Cookies Bars Brownies Cakes and More,0.00%,
2020 Monthly Budget Planner Weekly Budget Bill Planner Organizer Expense Tracker Notebook Cactus Hea,0.00%,"0, 0, 0, 0, 0, 0, 0, 0, 0, 0, 0, 0, 0, 0, 0, 0, 0, 0, 0, 0, 100, 0, 0, 0, 0, 0, 0, 0, 0, 0, 0"
Cuisinart Supreme Grind Automatic Burr Mill,0.00%,"0, 0, 0, 0, 0, 0, 0, 0, 0, 0, 0, 0, 0, 0, 0, 0, 0, 0, 0, 0, 0, 100, 0, 0, 0, 0, 0, 0, 0, 0, 0"
Next Level Racing FGT Elite Formula and GT Aluminum Profile Simulator Cockpit iRacing Edition,0.00%,
The Mediators Handbook,0.00%,
Garmin Constant Power Cable,0.00%,"0, 0, 0, 0, 0, 0, 0, 0, 0, 0, 0, 0, 0, 0, 0, 0, 0, 76, 0, 0, 0, 90, 0, 100, 0, 0, 0, 0, 0, 0, 0"
Yale Kyra Pro Smart Locks,0.00%,
The Black Fives The Epic Story of Basketballs Forgotten Era,0.00%,
GameSir T4 Pro Upgrade PC Controller SemiTransparent Wireless Gaming Controller for SwitchWindows PC,0.00%,
Geedar Large Trunk Organizer Car Organizers and Storage for Suv 3 Comp,0.00%,"0, 0, 0, 0, 0, 0, 0, 0, 0, 0, 0, 0, 0, 0, 0, 0, 0, 0, 0, 0, 0, 0, 0, 0, 0, 100, 0, 0, 0, 0, 0"
Dtydtpe Cleaning Supplies Aluminum Foil Wall Paper SelfAdhesive Backsplash Heat Kitchen Wallpaper,0.00%,
OSIM Massage Chairs Back  Foot Massagers  Richmond Centre,0.00%,
Intex Zx300 Deluxe Pool Cleaner,0.00%,
Allinless 10pcs HEPA Filter Sponge Replacements for NeabotNeakasa P1 Pro Pet Grooming Kits  Vacuum C,0.00%,
Logitech Z207 Bluetooth Speakers,0.00%,"0, 0, 100, 0, 0, 0, 0, 0, 0, 0, 0, 0, 0, 0, 0, 0, 0, 0, 0, 0, 0, 0, 0, 0, 0, 0, 0, 0, 6, 0, 0"
XREAL Air AR Glasses,0.00%,"100, 0, 0, 0, 0, 0, 0, 0, 0, 0, 0, 0, 0, 0, 0, 0, 0, 21, 22, 24, 26, 25, 24, 24, 25, 22, 26, 32, 28, 27, 24"
Designer Skincare NZ,0.00%,
6 Professional Hair Cutting Scissor Dog Pet Grooming Kits Curved Shears Set UK,0.00%,
GameSir G7 SE Wired Controller for Xbox Series XS,0.00%,
Virtually Me,0.00%,"0, 0, 0, 0, 0, 0, 0, 0, 0, 0, 0, 0, 0, 0, 0, 0, 0, 72, 90, 100, 46, 58, 54, 49, 84, 81, 71, 70, 69, 49, 63"
Intelligent Building Control Systems A Survey of Modern Building Control and Sensing Strategies,0.00%,
Walking to the End of the World A Thousand Miles on the Camino De Santiago,0.00%,
LOUIS VUITTON My Monogram Antiblue Light Glasses,0.00%,
Elves in the Wardrobe,0.00%,"0, 0, 0, 0, 0, 0, 0, 0, 0, 0, 0, 0, 0, 0, 0, 100, 0, 0, 0, 0, 0, 0, 0, 0, 0, 0, 0, 0, 0, 0, 0"
Chicka Chicka Ho Ho Ho,0.00%,"0, 100, 0, 0, 0, 0, 0, 0, 0, 0, 0, 0, 0, 0, 0, 0, 0, 0, 0, 0, 0, 0, 0, 0, 0, 0, 0, 0, 0, 0, 0"
Linkind,0.00%,"82, 0, 0, 82, 0, 97, 88, 100, 77, 0, 83, 90, 79, 98, 84, 73, 0, 90, 96, 96, 80, 82, 66, 61, 91, 90, 98, 86, 84, 63, 63"
Woods Canvas Waterproofing Spray For Camping Tents,0.00%,
Mio Cyclo Discover Cycling GPS Computer One Size Black Computers,0.00%,
She Believed She Could So She Did,0.00%,"0, 0, 0, 0, 0, 0, 0, 0, 0, 0, 0, 0, 100, 70, 0, 0, 0, 38, 39, 38, 45, 32, 23, 25, 45, 44, 42, 41, 36, 33, 37"
CandleScience,0.00%,"100, 49, 68, 47, 75, 78, 61, 70, 98, 61, 0, 51, 58, 69, 85, 88, 75, 70, 62, 64, 60, 57, 63, 68, 65, 67, 66, 61, 65, 62, 63"
Best Coastal Homes,0.00%,"0, 0, 0, 0, 0, 0, 0, 0, 0, 0, 0, 0, 0, 0, 0, 0, 0, 54, 96, 100, 80, 55, 76, 84, 96, 82, 53, 64, 68, 0, 54"
Tarte Minutes to Mermaid Brush Set 5 Makeup Brushes,0.00%,
Better Brand Health Measures and Metrics for a How Brands Grow World,0.00%,
Everybodys Guide to Small Claims Court,0.00%,
Kawai Musical Instruments,0.00%,
Harrison Cameras,0.00%,"0, 0, 0, 0, 0, 0, 0, 0, 0, 0, 0, 0, 0, 0, 0, 0, 0, 71, 66, 100, 53, 57, 82, 88, 47, 59, 51, 81, 79, 62, 57"
Vocational Learning Centers A Link to Business and Industry,0.00%,"0, 0, 0, 0, 0, 0, 0, 0, 0, 100, 0, 0, 0, 0, 0, 0, 0, 0, 0, 0, 0, 0, 0, 0, 0, 0, 0, 0, 0, 0, 0"
BYOL  Graphic and web design courses,0.00%,"0, 0, 0, 0, 0, 0, 0, 0, 0, 0, 0, 0, 0, 0, 0, 0, 0, 100, 0, 0, 0, 0, 0, 0, 0, 0, 0, 0, 0, 0, 0"
Fitbit Sense Advanced Health Smartwatch,0.00%,
High on Design The New Cannabis Culture,0.00%,
Admission Ticket for Indonesian Passport Holders,0.00%,
Power tool,0.00%,"88, 86, 80, 92, 89, 91, 89, 82, 74, 76, 91, 97, 98, 91, 85, 72, 72, 88, 90, 91, 87, 85, 78, 73, 100, 93, 92, 90, 87, 80, 68"
Ring Interchangeable Faceplate,0.00%,
Toon Boom,0.00%,"56, 79, 75, 82, 85, 84, 91, 79, 58, 64, 96, 100, 68, 80, 94, 65, 60, 90, 93, 86, 87, 87, 78, 81, 97, 100, 92, 88, 80, 72, 75"
Sphygmomanometer,0.00%,"77, 59, 73, 68, 91, 81, 86, 85, 66, 68, 92, 100, 96, 92, 81, 67, 62, 74, 81, 84, 78, 76, 61, 63, 80, 88, 80, 82, 68, 59, 61"
Hacker in Love,0.00%,"0, 0, 0, 0, 0, 0, 0, 0, 0, 0, 0, 0, 0, 0, 0, 0, 0, 66, 53, 70, 100, 0, 0, 53, 55, 45, 54, 64, 50, 0, 58"
UnHide Marshmallow Blanket Vegan Fur Weighted Blankets Softest Blanket Ever,0.00%,
Luxurious Spa Suite with Jacuzzi Outdoor Sauna Plunge Pool and Steambath,0.00%,
My Beauty Spot Jade Rollers,0.00%,
Lifes A Beach Pilates PRO chair Max with Sculpting Handles  Shape Transform  Reform  Total gym Home ,0.00%,
Activity tracker,0.00%,"80, 72, 83, 75, 100, 93, 79, 76, 69, 81, 93, 83, 92, 75, 83, 60, 58, 82, 80, 81, 71, 76, 77, 81, 89, 83, 83, 89, 83, 78, 74"
Sony Wireless Noise Canceling Headphones,0.00%,"0, 0, 0, 0, 0, 0, 0, 0, 0, 0, 0, 0, 0, 0, 0, 100, 0, 38, 37, 42, 34, 25, 39, 36, 34, 40, 35, 46, 33, 34, 33"
Portable Water Filters  Purifiers,0.00%,
Holiday Throw Pillow,0.00%,"0, 0, 0, 0, 0, 0, 0, 0, 0, 0, 0, 0, 0, 0, 0, 0, 0, 89, 0, 0, 0, 0, 0, 94, 100, 0, 0, 0, 0, 0, 0"
Benefits of LED Light Therapy Masks,0.00%,
Lizzie Mandler Fine Jewelry,0.00%,"0, 0, 0, 0, 0, 0, 0, 0, 0, 0, 0, 0, 0, 0, 100, 0, 0, 0, 0, 0, 0, 0, 0, 0, 0, 0, 0, 0, 0, 0, 0"
Garmin Computer Edge 1040,0.00%,"0, 0, 0, 0, 0, 0, 0, 0, 0, 0, 0, 0, 0, 0, 0, 0, 0, 0, 0, 100, 66, 0, 0, 92, 72, 0, 0, 0, 0, 0, 0"
Gearproz HydroCord Handle for Hydro Flask Water Bottles Wide Mouth Hydroflask 10 Iron Flask Thermofl,0.00%,
2BR House with Ocean View in Cabo,0.00%,
Wholesale Yoga Mats,0.00%,"0, 0, 0, 0, 0, 0, 0, 0, 0, 0, 100, 0, 0, 0, 0, 0, 0, 0, 6, 9, 0, 0, 0, 0, 0, 0, 7, 0, 6, 0, 0"
New Mini Brands Sneakers Capsule,0.00%,
Pulse oximeter,0.00%,"82, 81, 77, 83, 87, 86, 77, 89, 82, 71, 85, 91, 89, 92, 87, 100, 84, 89, 86, 87, 88, 89, 92, 85, 85, 94, 90, 86, 81, 88, 75"
Japanese Candlestick Charting Techniques A Contemporary Guide to the Ancient Investment Techniques o,0.00%,
Trading Options For Dummies,0.00%,"0, 0, 0, 0, 0, 0, 0, 0, 0, 0, 0, 100, 0, 0, 0, 0, 0, 7, 6, 7, 6, 8, 5, 6, 8, 9, 7, 6, 8, 6, 5"
Vapor Fresh Natural Sports Deodorizing Spray for Gym and Fitness Equipment,0.00%,
Martha Stewarts Organizing The Manual for Bringing Order to Your Life Home  Routines,0.00%,
DREAM 3bdrs in Central Seminyak  Villa Madura,0.00%,
Brian Gluckstein,0.00%,"0, 0, 0, 0, 0, 0, 0, 0, 0, 0, 0, 0, 0, 0, 0, 0, 0, 0, 0, 0, 0, 0, 0, 0, 76, 0, 0, 0, 100, 0, 0"
2021 International Fire Code,0.00%,"0, 0, 0, 0, 0, 0, 0, 0, 0, 0, 0, 0, 0, 0, 100, 0, 0, 5, 5, 4, 4, 4, 0, 0, 0, 5, 0, 6, 0, 0, 0"
Band assisted pullup,0.00%,
IdealShape Exante Ideal Shake Meal Replacement,0.00%,
Artengo Tennis rackets,0.00%,"0, 0, 0, 0, 0, 0, 0, 0, 0, 0, 0, 0, 0, 0, 0, 0, 0, 0, 0, 0, 100, 0, 0, 0, 0, 0, 0, 0, 0, 0, 0"
Plastics Thermoplastic Jackets for Insulation Products for Building Equipment and Industrial Install,0.00%,
Glencoe Biology Student Edition,0.00%,
DK Eyewitness Italy 2020,0.00%,
Environment The Science Behind the Stories,0.00%,"0, 0, 0, 0, 0, 0, 0, 0, 0, 0, 0, 0, 0, 0, 0, 0, 0, 100, 0, 77, 75, 0, 0, 84, 82, 0, 65, 71, 0, 0, 89"
Celcius Luxury Bedding,0.00%,
Number Household Digital Body Weight Scale Travel Portable Luggage Scales Suitcases Hook Spring Bala,0.00%,
NFPA 855 Standard for the Installation of Stationary Energy Storage Systems,0.00%,
Disposable Face Masks,0.00%,"0, 0, 0, 0, 100, 0, 0, 0, 0, 0, 0, 0, 0, 0, 0, 0, 0, 33, 19, 25, 23, 20, 25, 20, 30, 26, 23, 26, 25, 22, 15"
Amanda Rustmann Custom Eyebrow Designer and Skincare,0.00%,
PING G430 Irons,0.00%,"67, 75, 100, 0, 0, 56, 51, 87, 76, 0, 0, 0, 65, 51, 69, 70, 0, 50, 51, 46, 49, 47, 53, 57, 46, 47, 52, 50, 45, 49, 48"
Roland GOPIANO88 88Key Digital Piano,0.00%,
Kmart 1 Compartment Meal Prep Containers,0.00%,
Hemp Clothing Australia,0.00%,"0, 0, 0, 0, 0, 0, 0, 0, 0, 0, 0, 0, 0, 0, 0, 0, 0, 0, 0, 0, 0, 0, 0, 0, 0, 100, 84, 100, 85, 0, 0"
VOLUAS Automatic Cat Feeders Dry Food Dispenser with Timer Desiccant Bag,0.00%,
Apple Magic Keyboard,0.00%,"90, 72, 79, 100, 90, 75, 90, 74, 83, 79, 93, 94, 90, 92, 96, 78, 85, 84, 83, 83, 81, 76, 80, 78, 81, 84, 88, 83, 83, 72, 81"
Nerrisa Pratt,0.00%,"0, 0, 0, 0, 0, 100, 0, 0, 0, 0, 0, 0, 0, 0, 0, 0, 0, 0, 0, 0, 0, 0, 0, 0, 0, 0, 0, 0, 0, 0, 0"
SAARC Passport Holders,0.00%,
There Is No Ethan How Three Women Caught Americas Biggest Catfish,0.00%,
Drawing,0.00%,"86, 70, 80, 73, 89, 93, 86, 86, 77, 83, 86, 91, 100, 96, 85, 71, 76, 83, 88, 88, 87, 80, 71, 79, 80, 92, 87, 93, 79, 71, 79"
Barbara Gothard,0.00%,
Birds in Flight Wall Art Calendar,0.00%,
HVAC Energy Saving,0.00%,"0, 0, 0, 0, 0, 0, 0, 0, 0, 0, 0, 0, 0, 0, 0, 0, 0, 100, 0, 0, 0, 0, 0, 0, 0, 79, 76, 85, 0, 0, 0"
GreenStalk Garden,0.00%,"0, 0, 0, 0, 0, 0, 0, 0, 0, 0, 0, 0, 0, 0, 0, 0, 0, 0, 0, 0, 100, 0, 0, 0, 0, 0, 94, 0, 0, 0, 0"
Smart Helmets,0.00%,"0, 0, 0, 0, 0, 100, 0, 0, 0, 0, 0, 0, 0, 0, 0, 0, 0, 14, 22, 16, 27, 23, 18, 28, 23, 16, 23, 21, 15, 22, 17"
Scrub Daddy Streakless Cloths Perfect for Glass and Reusable A Better Alternative to Paper towels,0.00%,"0, 0, 0, 0, 0, 0, 0, 0, 0, 0, 0, 0, 0, 0, 0, 0, 0, 0, 0, 0, 0, 0, 0, 0, 100, 0, 0, 0, 0, 0, 0"
Local Content Requirements A Global Problem,0.00%,
FuseBox EV Distribution Units for Electric Vehicle Chargers100A MS  SPD 40A,0.00%,
Mini Keyboard Wireless Bluetooth Foldable Keyboards Rechargeable,0.00%,
Designer Vertical Gardens,0.00%,
Bestek MRJ2604 30Watt Mini Travel Power Adapters 2 Pack,0.00%,
Jailhouse Strong Interval Training,0.00%,
Stylish 2R2B Apt Near the Beach and Main Street,0.00%,
Quay Australia Jezabell Blue Light Glasses in Pink Gold,0.00%,
A Promise of Fire,0.00%,"0, 0, 0, 0, 100, 0, 0, 0, 0, 0, 0, 0, 0, 0, 0, 0, 0, 42, 23, 31, 25, 35, 29, 30, 30, 32, 27, 27, 26, 25, 19"
Cordless Power Tool,0.00%,"100, 0, 80, 95, 0, 0, 0, 0, 0, 0, 81, 0, 0, 83, 0, 0, 0, 45, 44, 49, 42, 51, 50, 41, 50, 45, 40, 51, 43, 43, 42"
iRobot Roomba Authentic Replacement Parts Lithium Ion Battery for Roomba e  i Series Robot Vacuums,0.00%,
Speediance Gym Monster The Most Powerful Smart Home Gym No Installation All In One Workout Equipment,0.00%,
123pcs Car snow removal tools Car microwave molecular deicer Car aromatherapy snow removal and deici,0.00%,"0, 0, 0, 0, 0, 0, 0, 0, 0, 0, 100, 0, 0, 0, 0, 0, 0, 0, 0, 0, 0, 0, 0, 0, 0, 0, 0, 0, 0, 0, 0"
The Logic of American Politics,0.00%,"0, 0, 0, 0, 0, 0, 0, 0, 0, 0, 0, 0, 0, 0, 0, 0, 0, 61, 49, 63, 51, 90, 0, 0, 100, 62, 56, 0, 56, 0, 0"
Bored of Lunch Healthy Air Fryer 30 Minute Meals THE NO1 BESTSELLER,0.00%,
UPDESK HeightAdjustable Standing Desks,0.00%,
Bontrager RIDEtime Elite Cycling Computer,0.00%,
Drone Accessories Australia,0.00%,
Autonomous ErgoChair Ergonomic Chairs,0.00%,"0, 0, 0, 0, 0, 0, 0, 0, 0, 0, 0, 0, 0, 0, 0, 0, 0, 0, 0, 0, 0, 100, 0, 0, 0, 0, 0, 0, 0, 0, 0"
Russ Clune,0.00%,
Computer Monitor Stand,0.00%,"0, 64, 58, 73, 76, 58, 79, 60, 78, 73, 68, 100, 71, 67, 57, 0, 0, 66, 64, 69, 72, 60, 60, 66, 61, 60, 71, 70, 56, 57, 57"
360 Rotating Long Range Sprinkler Garden Irrigation Tool Rotary Lawn Care Tools,0.00%,"0, 0, 0, 0, 0, 0, 0, 0, 0, 0, 0, 0, 0, 0, 0, 0, 0, 0, 0, 70, 0, 100, 0, 0, 0, 0, 0, 0, 0, 0, 0"
Bobby Hundreds,0.00%,"0, 0, 0, 0, 0, 0, 0, 0, 0, 0, 0, 0, 0, 0, 0, 0, 0, 100, 54, 54, 66, 83, 55, 62, 47, 39, 51, 56, 68, 56, 0"
Cozy and Central apartment 1br1ba with Pool,0.00%,
Rock Climbing Connecticut,0.00%,
Feel Free Kayaks,0.00%,
Blue Light Glasses,0.00%,"80, 84, 81, 79, 86, 96, 88, 77, 78, 92, 90, 89, 91, 94, 84, 82, 78, 94, 88, 94, 88, 84, 77, 80, 96, 92, 100, 90, 81, 77, 78"
Dreo Evaporative Air Cooler 40 Cooling Fans that Blow Cold Air,0.00%,
Villa 3681 ft classified 4 Stars on 25 acres  Provence,0.00%,
Vertical Gardens Australia,0.00%,
Premium Protein Powder  Meal Replacement Shakes for Women LadyBoss LEAN,0.00%,
The I Love Trader Joes Cookbook 150 Delicious Recipes Using Favorite Ingredients from the Greatest G,0.00%,
Rocky Mountain Bicycles,0.00%,"0, 0, 0, 0, 0, 0, 0, 0, 0, 0, 0, 0, 0, 0, 0, 0, 0, 87, 0, 0, 78, 0, 85, 0, 74, 100, 85, 0, 0, 0, 0"
Digital Portable Luggage Scales Luggage Scales Crane Scales Mobile Scales Travel Scales With Tare Fu,0.00%,
HOME Repair KITS Granite  Marble Acrylic Repair DIY Kit,0.00%,
Up To 50 OffYODETEY Portable Tire Inflators Car Tire Air Pump Portable 150Psi Compresor AIr Pump For,0.00%,"0, 0, 0, 0, 0, 0, 0, 0, 0, 0, 0, 0, 0, 0, 0, 0, 0, 0, 0, 0, 0, 0, 0, 0, 0, 100, 0, 0, 0, 0, 0"
OSIM Massage Chairs Back  Foot Massagers  Brea Mall,0.00%,
Anker 511 PowerHouse Portable Power Station,0.00%,
Modern Rug Hooking 22 Punch Needle Projects for Crafting a Beautiful Home,0.00%,
HEATSTRIP Outdoor Heaters,0.00%,
Assistant General Superintendent,0.00%,"0, 0, 0, 0, 0, 0, 0, 0, 0, 0, 0, 0, 0, 0, 0, 0, 0, 0, 0, 0, 0, 0, 0, 0, 0, 0, 100, 0, 0, 0, 0"
Wireless keyboard,0.00%,"60, 58, 53, 61, 65, 67, 65, 62, 64, 56, 65, 100, 63, 62, 63, 59, 52, 68, 63, 66, 89, 61, 59, 55, 68, 65, 64, 63, 62, 65, 59"
Kenwood Corporation,0.00%,"0, 0, 0, 0, 0, 0, 0, 0, 0, 0, 0, 0, 0, 0, 0, 0, 0, 0, 0, 0, 73, 0, 0, 0, 0, 0, 92, 100, 0, 0, 0"
Greenwild The City Beyond the Sea,0.00%,
Semiconductorbased Sensors,0.00%,
59S Portable UV Sanitizers 59S UVC LED Light Sterilizer Cabinet Blue,0.00%,"0, 0, 0, 0, 0, 0, 0, 0, 0, 0, 0, 0, 100, 0, 0, 0, 0, 0, 0, 0, 0, 0, 0, 0, 0, 0, 0, 0, 0, 0, 0"
FURLORE  Premium  Luxury Pet Beds,0.00%,
Meagaome Organic Cotton Tshirts Men Mens Fashion Spring Summer Casual Henley Shirt Lapel Solid Color,0.00%,
Sony ULT FIELD 1 Wireless Portable Speaker,0.00%,"0, 0, 0, 0, 0, 0, 0, 0, 0, 100, 0, 0, 0, 0, 0, 0, 0, 0, 0, 0, 0, 0, 0, 0, 0, 0, 0, 0, 6, 0, 0"
Batch 27 PreWorkout 40srv TC Nutrition,0.00%,
Kryptonite New York Fahgettaboudit Mini U Lock,0.00%,
Homemade meal replacement shake,0.00%,"0, 0, 0, 0, 0, 0, 0, 0, 0, 0, 0, 0, 0, 0, 0, 0, 0, 0, 0, 0, 0, 0, 0, 0, 100, 0, 0, 0, 0, 0, 0"
Kryptonite Evolution ULock,0.00%,
Star Nutrition  Soy Proten Isolate  Vegan Protein Powders from Soy Beans,0.00%,
Roland TD07KV VDrums Electronic Drum Set,0.00%,
NativePath Native Hydrate Zero Sugar Electrolytes Powder with BCAAs,0.00%,
Bulk Vegan Protein Powder,0.00%,"0, 0, 0, 0, 0, 0, 0, 0, 0, 0, 0, 0, 0, 0, 0, 0, 0, 69, 59, 88, 74, 79, 88, 100, 77, 66, 70, 79, 78, 82, 64"
AirFryer Cookbook THE SUNDAY TIMES BESTSELLER Quick Healthy and Delicious Recipes for Beginners,0.00%,
VIVITEST Ceramic DiffusersStone Essential Oil Diffuser,0.00%,
AMG LUXE Luxury Mansions Private Jet Charter Exotic Car Rentals,0.00%,
Tie Dye 100 Organic Cotton Tshirts,0.00%,
Reusable Food Wraps,0.00%,"0, 0, 0, 0, 0, 0, 0, 0, 0, 0, 0, 0, 0, 0, 0, 0, 0, 0, 100, 0, 98, 0, 0, 0, 0, 0, 0, 0, 0, 0, 0"
Endure Survival Kits,0.00%,
New York City For Dummies,0.00%,
HEMPFUL hemp clothing ,0.00%,
Smart Lighting Solutions,0.00%,"0, 0, 0, 0, 0, 0, 0, 0, 0, 0, 0, 0, 0, 0, 0, 0, 0, 51, 66, 87, 76, 50, 88, 58, 83, 96, 100, 63, 0, 0, 0"
Baby Carriers Australia,0.00%,
Wicca Sticker Book More Than 400 Magickal and Mystical Stickers,0.00%,
Nike Premier 3 FG,0.00%,"0, 0, 0, 0, 0, 0, 0, 0, 0, 0, 0, 0, 0, 0, 0, 0, 0, 100, 56, 74, 76, 56, 88, 51, 60, 43, 41, 92, 69, 75, 59"
Grafunkt  Luxury Designer Furniture Singapore,0.00%,
3600 Calorie Datrex Emergency Food,0.00%,
Mastercard Off  Omron JPN616T Arm Types Bluetooth Blood Pressure Monitors,0.00%,
Ten One Design Mountie Mount for Sidecar Large Tablets iPad Pro Portable Monitors Instant Second or ,0.00%,
Raw Nutrition Thavage Pre Workout,0.00%,
Herbal Supplement,0.00%,"54, 38, 53, 58, 100, 61, 84, 93, 72, 87, 86, 77, 86, 83, 65, 60, 49, 71, 80, 77, 73, 70, 58, 73, 70, 70, 71, 71, 70, 63, 69"
Solar Garden Lights LED Garden Lights Solar Night Lights Owl Shape SolarPowered Lawn Lamp,0.00%,
Bowsers Pet Beds,0.00%,
Bike Repair Tool Kits,0.00%,
Corsair K65 RGB Mini 60 Mechanical Gaming Keyboard,0.00%,"0, 0, 0, 0, 0, 0, 0, 0, 0, 0, 0, 0, 0, 0, 0, 0, 0, 0, 0, 0, 0, 0, 0, 0, 100, 0, 0, 0, 0, 0, 0"
Posture Correctors,0.00%,"0, 0, 0, 0, 0, 0, 0, 0, 0, 0, 0, 0, 0, 0, 0, 0, 0, 100, 69, 71, 64, 90, 99, 74, 76, 88, 82, 89, 70, 69, 86"
Candlestick,0.00%,"98, 87, 75, 96, 95, 89, 90, 93, 73, 85, 88, 94, 91, 99, 91, 84, 73, 92, 89, 96, 92, 90, 79, 82, 100, 100, 100, 99, 94, 82, 84"
Small Engine Repair for Dummies,0.00%,
Sony Premium Splashproof Extra Bass Sports InEar Noisecanceling Headphones White,0.00%,
When a Killer Calls A Haunting Story of Murder Criminal Profiling and Justice in a Small Town,0.00%,"0, 0, 0, 0, 0, 0, 0, 0, 0, 0, 0, 0, 0, 0, 0, 0, 0, 0, 0, 0, 0, 0, 0, 0, 0, 100, 0, 0, 0, 0, 0"
Magic Carpet Yoga Mats,0.00%,"0, 0, 0, 0, 0, 0, 0, 0, 0, 0, 0, 100, 0, 0, 0, 0, 0, 0, 0, 0, 0, 0, 0, 0, 0, 0, 0, 0, 0, 0, 0"
Uncle Johns Top Secret Bathroom Reader For Kids Only Collectible Edition,0.00%,
Collectible Transformers Toys and Action Figures  TFSource,0.00%,
Logitech Z607 51 Surround Sound with Bluetooth Speakers,0.00%,"0, 0, 0, 0, 0, 0, 0, 0, 0, 0, 0, 0, 0, 0, 0, 0, 0, 0, 0, 0, 0, 100, 0, 0, 0, 0, 0, 0, 0, 0, 0"
Landlording on AutoPilot A Simple NoBrainer System for Higher Profits Less Work and More Fun Do It A,0.00%,
nuphy Air75 V2 Portable 75 Mechanical KeyboardWireless KeyboardSupports Bluetooth24GUSBC RGB Bluetoo,0.00%,
3Plus Vibe Lite Smartwatch,0.00%,
UN92 Athleisure Wear,0.00%,
We Could Be Something,0.00%,"62, 42, 61, 41, 72, 85, 53, 56, 54, 52, 93, 79, 100, 88, 71, 37, 54, 72, 62, 72, 68, 63, 42, 50, 72, 71, 66, 64, 61, 43, 49"
Targus World Power Travel Adapter APK01US1,0.00%,
Financial Feminist Overcome the Patriarchys Bullsht to Master Your Money and Build a Life You Love,0.00%,
Wellue O2Ring Oxygen Monitor Pulse,0.00%,
Hasbro Marvel Legends Giant Man 6Inch Action Figure,0.00%,
Country 3 Pack Trio,0.00%,
Sylvanian Families Duck Triplets Nakayoshi Walk Set,0.00%,
A Better Day Journal Fun and Calming Activities for Positive Mental Health,0.00%,
Novel Antimicrobial Treatments Based on the Interaction of Gallic Acid and UV Light Characterization,0.00%,
Bottle Bright Cleaning Tablets,0.00%,
Forclaz Quechua 2040L Rain Cover For Hiking Backpacks,0.00%,
Nontoxic Housecleaning,0.00%,
Ktaxon 20ft Head Roof Rake Snow Removal Tools Extension Poly Blade Adjustable Telescoping Handle,0.00%,
Interior Designer,0.00%,"94, 86, 82, 100, 92, 96, 84, 91, 78, 84, 92, 99, 84, 90, 82, 91, 83, 95, 89, 90, 92, 86, 83, 87, 94, 91, 86, 85, 81, 79, 77"
GELATU Automatic Mechanical Wristwatch for Men Full Hollow Deep Waterproof Highend Watches Stainless,0.00%,
Blood Type A Food Beverage and Supplement Lists from Eat Right 4 Your Type,0.00%,
Freedom from Obsessivecompulsive Disorder A Personalized Recovery Program for Living with Uncertaint,0.00%,
Heather Stillufsen,0.00%,"0, 0, 0, 0, 0, 0, 0, 0, 0, 0, 0, 0, 0, 0, 0, 0, 0, 67, 40, 42, 39, 51, 74, 100, 60, 30, 45, 71, 60, 63, 45"
GL Musical Instruments,0.00%,
Robot Vacuums Simulator  Version 10  iOS,0.00%,
Kpaloft Antifreezing Electromagnetic  Snow Removal Tools Interference Antifreeze Device,0.00%,
Budget Log Book Personal Expense Tracker Spending Log BooksV1,0.00%,
Lattafa Asad Eau De Parfum Spray,0.00%,
Hell in Harlan,0.00%,
Paul Benhaim,0.00%,
 Marbella Lane  Luxe 3BR Penthouse in Long Beach,0.00%,
Delta smart Locks,0.00%,"0, 0, 0, 0, 0, 0, 0, 0, 0, 0, 0, 0, 0, 0, 0, 0, 0, 0, 100, 0, 0, 0, 0, 0, 0, 0, 0, 0, 0, 0, 0"
If You Care Paper Towels Reusable,0.00%,
Microcurrent Ultrasound and LED Therapy in Cosmetic Dermatology  Skincare Practice,0.00%,
Glass Beads for Weighted Blankets,0.00%,"100, 0, 0, 0, 0, 0, 0, 0, 0, 0, 0, 0, 0, 0, 0, 0, 0, 0, 0, 0, 0, 0, 0, 0, 0, 5, 0, 0, 0, 0, 0"
Pokemon Stained Glass Art,0.00%,
Keto Krate,0.00%,
Little Live Pets Mama Surprise Playset,0.00%,
PNY Technologies VR Headset PICO Neo 3 Pro PHSN3P1018556,0.00%,
Automotive Mechatronics Automotive Networking Driving Stability Systems Electronics,0.00%,
In Search of Happiness Understanding an Endangered State of Mind,0.00%,
Modern Refrigeration and Air Conditioning,0.00%,"0, 0, 0, 0, 0, 0, 0, 0, 0, 0, 0, 0, 0, 0, 0, 0, 0, 80, 69, 65, 36, 48, 50, 44, 100, 86, 78, 69, 43, 0, 47"
Tempe Retreat w Saltwater Pool  Grill,0.00%,
Grant Me Vision A Journey of Family Faith and Forgiveness,0.00%,
The Cinderella of New York,0.00%,"0, 0, 0, 0, 0, 0, 0, 0, 0, 0, 0, 0, 0, 0, 0, 0, 0, 0, 0, 0, 0, 0, 0, 100, 0, 0, 0, 0, 0, 0, 0"
An Academy for Liars,0.00%,"0, 0, 0, 0, 0, 0, 0, 0, 0, 0, 0, 0, 0, 0, 0, 0, 0, 48, 100, 86, 71, 44, 54, 55, 68, 59, 57, 48, 65, 60, 53"
Santal Aroma  Essential Oil Blend for AromaTech Scent Diffusers,0.00%,
Back To School SavingsAzrian Portable Tire Inflators Air Compresor Tire InflatorPortable Inflator Pu,0.00%,
Standing desk,0.00%,"84, 77, 74, 86, 97, 89, 87, 86, 71, 80, 83, 92, 100, 86, 85, 69, 71, 95, 86, 90, 87, 79, 71, 74, 93, 88, 89, 86, 79, 66, 74"
Corsair K60 RGB Pro Mechanical Gaming Keyboard,0.00%,"0, 0, 0, 0, 0, 0, 0, 0, 0, 0, 0, 0, 0, 0, 0, 0, 0, 0, 0, 0, 100, 0, 0, 0, 0, 0, 0, 0, 0, 0, 0"
Centrally Located Home w Lanai  Fully Fenced Yard  Pet Friendly,0.00%,
The Rare Metals War The Dark Side of Clean Energy and Digital Technologies,0.00%,
Hardwired Transformer for Ring Video Doorbell Pro,0.00%,
Millionaire Teacher The Nine Rules of Wealth You Should Have Learned in School,0.00%,
Lattafa Khamrah Eau De Parfum 34 oz,0.00%,
The best vegan protein powders tried and tested,0.00%,
adidas Mens X Crazyfast3 FG Firm Ground Soccer Cleats,0.00%,
Interactive Pet IMC Toys,0.00%,
HAWEEL Hwl3100w 2 Ports USB 5V Wall Charger Set with Removable International Plug Travel Power Adapt,0.00%,
Baan Teelanka NonThai Passport Holders,0.00%,
Sustainable fashion,0.00%,"68, 56, 41, 63, 66, 62, 57, 67, 28, 44, 74, 78, 56, 54, 63, 47, 49, 70, 75, 67, 72, 64, 55, 71, 100, 81, 78, 75, 67, 54, 62"
On Stage SMS6000P Studio Monitor Stands,0.00%,
BLUETTI AC200P Portable Power Station,0.00%,
Moleskine Passion Journal  Book Large Hard Cover 5 X 825,0.00%,
Some Secrets Should Never Be Kept Protect Children from Unsafe Touch by Teaching Them to Always Spea,0.00%,
Walfront MAX30100 Heart Rate Oximeter Sensor Module Pulse Oximeters Development Board Sensor Module ,0.00%,
Sarisun Travel Pillows for Airplanes Neck Pillow with Eye Mask for Sleeping Long,0.00%,
Somnvie Luxury Bedding,0.00%,
Amar Trading Company  Artificial Grass  Vertical Gardens  Flooring  Wallpapers,0.00%,
Rarities Fine Jewelry with Carol Brodie,0.00%,
Cloth face mask,0.00%,"0, 0, 0, 0, 0, 0, 0, 0, 0, 0, 0, 0, 0, 0, 0, 0, 0, 63, 78, 89, 83, 69, 93, 100, 78, 91, 80, 93, 75, 80, 64"
TaylorMade P790 Irons,0.00%,"86, 0, 0, 88, 0, 74, 0, 0, 100, 0, 0, 93, 0, 93, 82, 0, 0, 60, 63, 61, 59, 54, 52, 59, 55, 52, 49, 57, 47, 51, 48"
Youthjuice,0.00%,"0, 0, 0, 0, 0, 0, 0, 0, 0, 0, 0, 0, 0, 0, 0, 0, 0, 0, 0, 92, 0, 0, 0, 100, 0, 0, 0, 0, 0, 0, 0"
Internet  World Wide Web How to Program,0.00%,"0, 0, 0, 0, 0, 0, 0, 0, 0, 0, 0, 0, 0, 0, 0, 0, 0, 100, 55, 0, 0, 0, 0, 0, 0, 0, 0, 0, 68, 0, 0"
Gorgeous Cocoa Beach Home WHeated  Private pool short walk to beach,0.00%,
Private Jet Rentals Miami,0.00%,"0, 0, 0, 0, 0, 0, 0, 0, 0, 0, 0, 0, 0, 0, 0, 0, 0, 0, 0, 0, 0, 90, 0, 100, 0, 0, 0, 0, 0, 0, 0"
Midnight at Malabar House,0.00%,
The Naturally Clean Home 150 SuperEasy Herbal Formulas for Green Cleaning,0.00%,
Mio Cyclo 215HC Cycling GPS Computer One Size Black Computers,0.00%,
Private Jet Rentals,0.00%,"0, 0, 0, 0, 0, 0, 0, 0, 0, 0, 0, 0, 0, 0, 0, 0, 0, 80, 68, 0, 47, 44, 100, 47, 39, 53, 50, 38, 44, 64, 0"
Pearl Bath Bombs,0.00%,
Orange Mountain Bikes,0.00%,"0, 0, 0, 0, 0, 0, 0, 0, 0, 0, 0, 0, 0, 0, 0, 0, 0, 76, 80, 74, 90, 57, 80, 0, 80, 70, 91, 92, 100, 87, 62"
Secluded Serenity Unparalleled Highend Fully Equipped with Private Pool Villa,0.00%,
Bright Crystal Versace Eau De Toilette Spray,0.00%,"0, 0, 0, 0, 0, 0, 0, 0, 0, 0, 0, 0, 0, 0, 0, 0, 0, 0, 0, 0, 88, 92, 0, 100, 0, 0, 0, 0, 0, 0, 0"
AWESOME 6BR4BA Resort Private PoolSpa  2 mi to Disney  Game RoomTheme Rooms,0.00%,
Next Level Racing FGT Lite Simulator Cockpit NLRS015,0.00%,
SALKING Ceramic Essential Oil Diffuser Stone Diffusers for Essential Oils,0.00%,"0, 0, 0, 0, 0, 0, 0, 0, 0, 0, 0, 0, 0, 0, 0, 0, 0, 0, 0, 0, 0, 0, 0, 0, 0, 0, 100, 0, 0, 0, 0"
Desk Organizer,0.00%,"83, 75, 100, 95, 93, 94, 79, 82, 70, 94, 85, 86, 72, 73, 90, 74, 84, 80, 82, 82, 75, 69, 77, 75, 76, 74, 74, 74, 68, 71, 71"
Imagimake Mapology World Map Puzzle Educational Toys for Kids 57 Puzzles for Kids Ages 48,0.00%,
Justin McLaughlin,0.00%,"0, 0, 0, 0, 0, 0, 0, 0, 0, 0, 0, 0, 0, 0, 0, 0, 0, 41, 44, 64, 51, 37, 33, 100, 35, 30, 45, 35, 46, 0, 69"
Geelong Electric Vehicle Chargers,0.00%,
Deep Tissue Massage Guns,0.00%,
Hawaii For Dummies,0.00%,
Pet Grooming Kits,0.00%,"0, 0, 0, 0, 0, 0, 0, 0, 0, 0, 0, 0, 0, 0, 0, 0, 0, 0, 0, 0, 0, 0, 0, 0, 100, 0, 0, 0, 0, 0, 0"
Wearable Baby Monitor,0.00%,"0, 0, 0, 0, 0, 0, 0, 0, 0, 0, 0, 0, 0, 0, 0, 0, 0, 76, 83, 0, 0, 0, 0, 100, 0, 59, 52, 58, 0, 0, 0"
Meagaome Organic cotton tshirts mens mens tshirts Vacation Shirt Oversize Shirt Verde Para Hombre Gi,0.00%,
Ring DIN Rail Transformer 2nd Generation for Connected Video Doorbells,0.00%,
DK Eyewitness Norway,0.00%,
MAXWINER Essential Oil Diffusers Ultrasonic 3D Glass Aromatherapy Diffuser Auto ShutOff,0.00%,
Samsonite Designer Luggage Tag ID Tag,0.00%,
Big DealsRYDCOT Portable Tire Inflators Car Tire Air Pump Portable 150Psi Compresor AIr Pump For Car,0.00%,
Baby Carriers  Beth Young,0.00%,
Playseat Trophy Simulator Seat,0.00%,
Simulation Modeling and Analysis,0.00%,"0, 0, 0, 0, 0, 0, 0, 0, 0, 0, 0, 0, 0, 0, 0, 0, 0, 82, 82, 84, 73, 96, 39, 77, 100, 89, 66, 86, 93, 65, 68"
Smart Clothing Bolton  Ltd,0.00%,
1pc Foldable Bike Repair Kits MultiFunction Bike Tool for Bike Maintenance,0.00%,
Solar Garden Lights 3 Pack Solar Stake Light Color Changing Solarpowered Decorative Landscape Lighti,0.00%,
Charming Cottage on Acreage Lot Short Walk to Historic Town Shops  Wine Bars,0.00%,
4 Sets of Clock Mechanisms Wall Clock Mechanisms Clock Movement Kits Clock Movements for Replacement,0.00%,
Air Fryers Are They Worth It,0.00%,
Babylonia Baby Carrier 100 Bio Cotton  Tricot Slen Model  500 cm  Black,0.00%,
Only the Ring Finger Knows,0.00%,
Perfet Qwert Wireless Phone Tablet Foldable Keyboards,0.00%,
Reverend Musical Instruments,0.00%,
The water camper is simply and practically furnished,0.00%,
Built to Burn Tales of the Desert Carnies of Burning Man,0.00%,
Journey Into Darkness,0.00%,"0, 0, 0, 0, 0, 0, 0, 0, 0, 0, 0, 0, 0, 0, 0, 0, 0, 95, 100, 90, 77, 93, 82, 64, 81, 80, 49, 75, 86, 0, 0"
Locator Lights for Airborne Applications Specification for Lifejacket Lights,0.00%,
Little White Fish,0.00%,"0, 0, 0, 0, 0, 0, 0, 0, 0, 0, 0, 0, 0, 0, 0, 0, 100, 21, 28, 24, 23, 25, 21, 24, 27, 22, 20, 26, 22, 17, 19"
How Do Dinosaurs Say Trick Or Treat,0.00%,
Actively Black Athleisure Wear,0.00%,"0, 100, 0, 0, 0, 0, 0, 0, 0, 0, 0, 0, 0, 0, 0, 0, 0, 0, 0, 0, 0, 0, 0, 0, 0, 0, 5, 0, 0, 0, 0"
DerLook Designer Furniture,0.00%,
Portable Luggage Scales 50kg x 10g Hanging Electronic Digital Scales for Travel Suitcase Luggage Tra,0.00%,
Young China How the Restless Generation Will Change Their Country and the World,0.00%,
Nicole Miller Luggage,0.00%,"0, 0, 0, 0, 0, 0, 0, 0, 0, 0, 0, 0, 0, 0, 0, 0, 0, 0, 0, 0, 0, 0, 100, 0, 83, 0, 0, 0, 0, 0, 0"
The Babylon Bee Guide to Gender,0.00%,
The Crochet Crowd Inspire Create and Celebrate,0.00%,
Dash Cams Australia,0.00%,"0, 0, 0, 0, 0, 0, 0, 0, 0, 0, 0, 0, 0, 0, 0, 0, 0, 38, 50, 0, 41, 53, 40, 73, 58, 70, 61, 62, 90, 0, 100"
Lego Houses of the World 1 Set 40583,0.00%,
Mosaic Weighted Blankets,0.00%,
NSCAs Guide to Sport and Exercise Nutrition,0.00%,
Travel Face Masks,0.00%,"0, 0, 0, 0, 0, 0, 0, 0, 0, 0, 0, 0, 0, 0, 0, 0, 0, 100, 89, 0, 93, 0, 88, 82, 79, 0, 0, 0, 0, 0, 0"
Mens Sunice Hamilton Thermal Hybrid Jacket,0.00%,
Updated Safety Guidelines Newly Renovated Townhouse With Private Beach Access,0.00%,
Dashboard Camera,0.00%,"52, 42, 48, 55, 38, 44, 50, 0, 0, 34, 39, 50, 59, 54, 100, 41, 33, 46, 56, 43, 46, 41, 45, 44, 45, 40, 45, 44, 44, 43, 48"
Build Your Own Electric Bicycle,0.00%,
Smart Moms Guide to Essential Oils Natural Solutions for a Healthy Family ToxinFree Home and Happier,0.00%,
ProSupps Hyde Nightmare,0.00%,
Top Mens Mechanical Automatic Clock Watches 42mm Leather Strap Highend Trend Hollow Out SelfWind Cla,0.00%,
LED zahradn svtla solrn non osvtlen tvar ptka SolarPowered trvnk lampa doprava zdarma,0.00%,
Artificial Intelligence For Dummies,0.00%,"0, 0, 0, 0, 0, 0, 0, 0, 100, 0, 0, 0, 0, 0, 0, 0, 0, 4, 0, 0, 0, 0, 5, 0, 6, 4, 6, 0, 0, 6, 0"
Powkiddyq90 Open Source Handheld Gaming Console 30inch IPS Screen Support 12 Kinds of Emulators Supp,0.00%,
Empowered Homes Inc,0.00%,
Zehra Hicks,0.00%,
Aldom Massage Guns YLMG001,0.00%,
Gaia Guy Natural Bristle Bamboo Toothbrush Totally Compostable  Biodegradable Boar Bristle and Bambo,0.00%,
Apple Magic Keyboard with Touch ID and Numeric Keypad,0.00%,"0, 0, 0, 0, 0, 0, 0, 0, 0, 0, 0, 0, 0, 0, 0, 0, 0, 69, 100, 80, 73, 97, 0, 0, 65, 77, 91, 66, 94, 70, 66"
Lucy Lue Organics,0.00%,
Crossings How Road Ecology Is Shaping the Future of Our Planet,0.00%,
Coffee Shop Personal Finance Journal 8 5 X 11 Full Color Interior 53 Pages 3 Month Tracker Personal ,0.00%,
Microsoft AllinOne Media Keyboard,0.00%,
The New Dolls House Doityourself Book In 112 and 116 Scale,0.00%,
PNKRE Eyebrow Styling Wax Soap Kit Brow Freeze Pomade Organic Makeup Gel,0.00%,
GameSir T4 Kaleid Transparent PC Controller Wired Gaming Controller for PCSwitchAndroid TV Box Plug ,0.00%,
Laura Thomas,0.00%,"71, 0, 81, 62, 84, 96, 71, 64, 52, 52, 83, 70, 59, 100, 74, 62, 61, 74, 67, 65, 61, 62, 49, 54, 63, 59, 63, 71, 57, 50, 56"
Nike Mens Tiempo Legend 10 Elite FG,0.00%,
Remodelista in Maine A Design Lovers Guide to Inspired DowntoEarth Style,0.00%,
Desi Tales Indian and Pakistani Tales,0.00%,
Every Landlords Guide to Managing Property Best Practices From MoveIn to MoveOut,0.00%,
Discovering World Geography,0.00%,"0, 0, 0, 0, 0, 0, 0, 0, 0, 0, 0, 0, 0, 0, 0, 0, 0, 76, 100, 71, 0, 0, 0, 73, 84, 88, 55, 74, 0, 0, 0"
Cmi Health Spo2 Sensor For Infants Compatible Only With Cmi Health Handheld Pulse Oximeters,0.00%,
Portable Bluetooth Speakers HARMAN KARDON Go  Play Wireless,0.00%,
Ring Smart Lighting Bridge,0.00%,
Little Bumble Reusable Food Wraps,0.00%,
KCups Recycled Plastic Into Shoes,0.00%,
Effie Zahos,0.00%,"0, 0, 0, 0, 0, 0, 0, 0, 0, 0, 0, 0, 0, 0, 0, 0, 0, 20, 18, 100, 28, 7, 5, 6, 8, 0, 16, 7, 9, 7, 0"
Kryptonite New York Fahgettaboudit Chain Lock,0.00%,
The 28 Day DASH Diet Weight Loss Program Recipes and Workouts to Lower Blood Pressure and Improve Yo,0.00%,
Planning the Most Magical Wedding Premium Wedding Planner Notebook Includes Seat Planner Budget Expe,0.00%,
Callaway Paradym Ai Smoke Max Driver,0.00%,"0, 0, 0, 0, 0, 0, 0, 0, 0, 0, 0, 0, 0, 0, 0, 0, 0, 66, 91, 99, 69, 77, 53, 88, 74, 96, 100, 89, 99, 64, 67"
SuperSight What Augmented Reality Means for Our Lives Our Work and the Way We Imagine the Future,0.00%,
One of Our Kind A Novel,0.00%,"0, 0, 0, 0, 0, 0, 0, 0, 0, 0, 0, 0, 0, 0, 0, 0, 0, 0, 82, 0, 0, 0, 0, 0, 0, 0, 0, 100, 0, 0, 0"
Qwert Wireless Phone Tablet Foldable Keyboards,0.00%,
COZYROOMY Bike Repair Kits  Bicycle Tool Kit with 10 in 1 Multifunction Bike Tool MultiPurpose Bone ,0.00%,
3D Printing Pens,0.00%,"0, 0, 0, 0, 0, 0, 0, 0, 0, 0, 0, 0, 0, 0, 0, 0, 0, 0, 0, 91, 0, 100, 0, 0, 0, 0, 0, 0, 0, 0, 0"
LED Garden Lights Solar Night Lights Bird Shape SolarPowered Lawn Lamp,0.00%,
Cat Mate Stainless Steel Bowl Inserts x 2 for C100 and C200 Automatic Feeders,0.00%,
Kesser Yoga mats,0.00%,
Mobile Solar Chargers Limited,0.00%,
FineDine 24 Piece Glass Storage Containers with Lids Leak Proof Dishwasher Safe Glass Food Storage C,0.00%,
Extel Doorbells  Door intercom system 720324 Video Door Phone System WLAN Complete Set Grey Black,0.00%,
Aeris Muvmat  Thick Anti Fatigue Mat For Standing Desks Premium Kitchen Mat Ergonomic 2Zone Standing,0.00%,
Golf club,0.00%,"97, 92, 98, 92, 91, 87, 82, 90, 91, 98, 87, 84, 80, 89, 92, 92, 99, 100, 89, 87, 87, 89, 83, 84, 84, 79, 77, 78, 79, 83, 73"
HURRISE Pet Grooming Kits LCD Cordless Quiet Pet Hair Clippers Trimmer Kit Fast,0.00%,
Soy protein concentrate,0.00%,"0, 0, 0, 0, 0, 0, 0, 0, 0, 0, 0, 0, 0, 0, 0, 0, 0, 83, 84, 57, 43, 91, 68, 100, 78, 93, 93, 78, 70, 55, 43"
2800 ft House  3 bedrooms  6 guests,0.00%,
The 12 Best LED Light Therapy Masks of 2022,0.00%,
Potential of LED Light Therapy Masks,0.00%,
GameSir Wired Controller G7 for Xbox,0.00%,
BeYOUtiful Bath Bombs  More,0.00%,
Smart Watches Fitness Trackers  Version 1005  Android,0.00%,
InstaJet Charters  Private Jet Rentals,0.00%,
The Original Reusable Paper TowelsAll Purpose,0.00%,
Tool Kits 46 Piece Tool Sets Socket Set For Daily Repair and Diy Home Tool Box Screwdriver Wrench Ha,0.00%,
Massage Guns Ireland,0.00%,
DPVR E4 Gaming PC VR Headsets 4K 116 FOV 120Hz Refresh Rate,0.00%,
Stock Investing For Dummies,0.00%,"0, 0, 0, 0, 0, 0, 0, 0, 0, 0, 0, 0, 0, 0, 0, 0, 0, 87, 0, 80, 0, 0, 74, 100, 62, 97, 79, 0, 85, 97, 0"
animation software,0.00%,"84, 92, 82, 89, 93, 100, 76, 82, 96, 96, 93, 90, 94, 98, 93, 85, 78, 88, 92, 85, 95, 85, 96, 89, 93, 96, 97, 86, 88, 93, 85"
Rokid Max Portable AR Glasses Full HD Augmented Reality MicroOLED 120Hz USBC Android  iOS,0.00%,
HUION Inspiroy H1161 Graphics Drawing Tablets Touch Strip and 8192 Pen Pressure Sketch Tablet with B,0.00%,
Ergo Standing Desks,0.00%,
Electronic Scale Mini Portable Luggage Scales Electronic Scales Weighing 50kg Household Highprecisio,0.00%,
Period Repair Manual Natural Treatment for Better Hormones and Better Periods,0.00%,
Sparkl,0.00%,"0, 0, 73, 0, 0, 100, 89, 0, 0, 0, 0, 0, 0, 0, 66, 0, 71, 87, 66, 60, 76, 65, 50, 61, 65, 69, 63, 57, 53, 55, 57"
Unreal Engine 4 Virtual Reality Projects Build Immersive Realworld VR Applications Using UE4 C and U,0.00%,
Ergonomic Chair,0.00%,"71, 70, 76, 81, 91, 79, 71, 68, 80, 66, 75, 70, 100, 73, 71, 68, 70, 72, 71, 76, 71, 68, 64, 67, 75, 71, 72, 69, 68, 66, 69"
How to Save the World For Free,0.00%,"0, 0, 0, 0, 0, 0, 0, 0, 0, 0, 0, 0, 0, 0, 0, 0, 0, 100, 53, 86, 91, 91, 0, 81, 93, 85, 72, 71, 95, 67, 51"
Milwaukee Tool,0.00%,"88, 79, 82, 78, 89, 94, 91, 93, 85, 84, 98, 90, 100, 91, 83, 88, 80, 81, 86, 91, 90, 91, 80, 73, 88, 90, 89, 95, 82, 77, 81"
MultiSac Handbags,0.00%,
Sandever Beach Tennis Rackets Set BTR 160 Ov in Base Color,0.00%,
PRIVATE JET RENTALS,0.00%,"0, 0, 0, 0, 0, 0, 0, 0, 0, 0, 0, 0, 0, 0, 0, 0, 0, 81, 69, 0, 47, 45, 100, 47, 39, 53, 50, 38, 44, 65, 0"
Hope Is Not a Method What Business Leaders Can Learn from Americas Army,0.00%,
Fridge Love Organize Your Refrigerator for a Healthier Happier Lifewith 100 Recipes,0.00%,
Agreena Threeinone Reusable Food Wraps 300 x 450mm Pack of 2,0.00%,"0, 0, 0, 0, 0, 0, 100, 0, 0, 0, 0, 0, 0, 0, 0, 0, 0, 0, 0, 0, 0, 0, 0, 0, 0, 0, 0, 0, 0, 0, 0"
Mainstays Reusable Paper Towels,0.00%,
Banff Jasper  Glacier National Parks,0.00%,
Peaceful Klamath Falls Home w Large Fenced Yard,0.00%,
DK Eyewitness Tokyo,0.00%,
Ello Duraglass Glass Food Storage Meal Prep Containers Bowls with Silicone Sleeve and Airtight Durab,0.00%,
The Midrange Theory,0.00%,"0, 0, 0, 0, 0, 0, 0, 0, 0, 0, 0, 0, 0, 0, 0, 0, 0, 0, 0, 100, 0, 0, 0, 0, 0, 0, 0, 0, 0, 0, 0"
The New Mediterranean Diet Cookbook The Optimal KetoFriendly Diet that Burns Fat Promotes Longevity ,0.00%,
Coros Pace 2 Premium GPS Sport Watch,0.00%,
Face masks during the COVID19 pandemic in the United States,0.00%,
Sportsroyals Power Tower Dip Station Pull Up Bar for Home Gym Strength Training Workout Equipment,0.00%,
Fitnus Watch Activity Tracking Smart Watch Connects to Your Phone via App with Blood Pressure Heart ,0.00%,
Elgato Facecam 1080p60 True Full HD Webcam for Live Streaming,0.00%,
FREECULTR Men Pack of 2 Half Sleeve Round Neck Organic Cotton Tshirts by Myntra,0.00%,"0, 0, 0, 0, 0, 0, 0, 0, 0, 100, 0, 0, 0, 0, 0, 0, 0, 0, 0, 0, 0, 0, 0, 0, 0, 0, 0, 0, 0, 0, 0"
Graphics software,0.00%,"95, 88, 84, 100, 81, 88, 80, 64, 69, 74, 84, 85, 92, 90, 89, 91, 87, 81, 82, 91, 97, 91, 91, 82, 84, 86, 87, 90, 78, 83, 79"
Creative Kitchen Gadgets Removal Sheets Cloth AntiStatic 66 100 Inches Cloth Clean 100g Cleaning Sup,0.00%,
Stylus Pens for iPad Pencil Capacitive Pen High Sensitivity Fine Point,0.00%,
Razer BlackWidow V3 Mini HyperSpeed 65 Wireless Mechanical Gaming Keyboard,0.00%,
Sistema Nest It Meal Prep Food Storage Containers with Lids,0.00%,
Riley McLincha,0.00%,
Discovering Our Past A History of the World,0.00%,"0, 0, 0, 0, 100, 0, 0, 0, 0, 0, 0, 0, 0, 0, 0, 0, 0, 0, 5, 0, 0, 0, 0, 0, 0, 0, 0, 5, 0, 0, 0"
The Beginners Photography Guide The Ultimate StepbyStep Manual for Getting the Most from Your Digita,0.00%,
Smart Baby Scale,0.00%,"0, 0, 0, 0, 0, 0, 0, 0, 0, 0, 0, 0, 0, 0, 0, 0, 0, 0, 0, 0, 0, 74, 0, 0, 100, 0, 0, 0, 0, 0, 0"
Caddis Miklos Reading Glasses,0.00%,
TPLink Tapo Mini Smart WiFi Socket TAPO P110,0.00%,
Program Peace Fitness Manual and Journal,0.00%,
Building Barbecues  Outdoor Kitchens,0.00%,
Sony WHCH720N Noise Canceling Wireless Headphones,0.00%,
Saving the Family Cottage A Guide to Succession Planning for Your Cottage Cabin Camp Or Vacation Hom,0.00%,
AUSTiC 3D Shop,0.00%,
Siemens VCPOSTGRY2 Dual Post for Use with VersiCharge NonCommunicating Electric Vehicle Chargers Gre,0.00%,
TinyML Cookbook Combine Artificial Intelligence and Ultralowpower Embedded Devices to Make the World,0.00%,
DIY Knowhow with Showhow,0.00%,
